ticker,status,n_rows,first_date,last_date,market_cap_missing_rate,float_market_cap_missing_rate,source,error_message
000001,success_with_fallback_fill,1975,2016-01-15,2025-12-31,0.0,0.016708860759493672,akshare_stock_value_em+akshare_baidu_fallback_inferred_1e8,
000002,success_with_fallback_fill,1975,2016-01-15,2025-12-31,0.0,0.016708860759493672,akshare_stock_value_em+akshare_baidu_fallback_inferred_1e8,
000008,success_with_fallback_fill,1976,2016-01-21,2025-12-31,0.0,0.01720647773279352,akshare_stock_value_em+akshare_baidu_fallback_inferred_1e8,
000009,success_with_fallback_fill,1976,2016-01-21,2025-12-31,0.0,0.01720647773279352,akshare_stock_value_em+akshare_baidu_fallback_inferred_1e8,
000027,success_with_fallback_fill,1979,2016-01-03,2025-12-31,0.0,0.01869631126831733,akshare_stock_value_em+akshare_baidu_fallback_inferred_1e8,
000039,success_with_fallback_fill,1979,2016-01-03,2025-12-31,0.0,0.01869631126831733,akshare_stock_value_em+akshare_baidu_fallback_inferred_1e8,
000046,fallback,165,2016-01-07,2024-02-06,0.0,1.0,akshare_baidu_fallback_inferred_1e8,eastmoney: TypeError: 'NoneType' object is not subscriptable | TypeError: 'NoneType' object is not subscriptable | TypeError: 'NoneType' object is not subscriptable
000060,success_with_fallback_fill,1983,2016-01-09,2025-12-31,0.0,0.020675743822491176,akshare_stock_value_em+akshare_baidu_fallback_inferred_1e8,
000061,success_with_fallback_fill,1983,2016-01-09,2025-12-31,0.0,0.020675743822491176,akshare_stock_value_em+akshare_baidu_fallback_inferred_1e8,
000063,success_with_fallback_fill,1986,2016-01-01,2025-12-31,0.0,0.022155085599194362,akshare_stock_value_em+akshare_baidu_fallback_inferred_1e8,
000066,success_with_fallback_fill,1986,2016-01-01,2025-12-31,0.0,0.022155085599194362,akshare_stock_value_em+akshare_baidu_fallback_inferred_1e8,
000069,success_with_fallback_fill,1986,2016-01-01,2025-12-31,0.0,0.022155085599194362,akshare_stock_value_em+akshare_baidu_fallback_inferred_1e8,
000100,success_with_fallback_fill,1998,2016-01-08,2025-12-31,0.0,0.028028028028028028,akshare_stock_value_em+akshare_baidu_fallback_inferred_1e8,
000156,success_with_fallback_fill,1991,2016-01-03,2025-12-31,0.0,0.024610748367654443,akshare_stock_value_em+akshare_baidu_fallback_inferred_1e8,
000157,success_with_fallback_fill,1991,2016-01-03,2025-12-31,0.0,0.024610748367654443,akshare_stock_value_em+akshare_baidu_fallback_inferred_1e8,
000166,success_with_fallback_fill,2064,2016-01-03,2025-12-31,0.0,0.05910852713178295,akshare_stock_value_em+akshare_baidu_fallback_inferred_1e8,
000301,success_with_fallback_fill,1988,2016-01-03,2025-12-31,0.0,0.023138832997987926,akshare_stock_value_em+akshare_baidu_fallback_inferred_1e8,
000333,success_with_fallback_fill,2046,2016-01-07,2025-12-31,0.0,0.05083088954056696,akshare_stock_value_em+akshare_baidu_fallback_inferred_1e8,
000338,success_with_fallback_fill,2009,2016-01-04,2025-12-31,0.0,0.03334992533598805,akshare_stock_value_em+akshare_baidu_fallback_inferred_1e8,
000400,success_with_fallback_fill,1983,2016-01-09,2025-12-31,0.0,0.020675743822491176,akshare_stock_value_em+akshare_baidu_fallback_inferred_1e8,
000402,success_with_fallback_fill,1983,2016-01-09,2025-12-31,0.0,0.020675743822491176,akshare_stock_value_em+akshare_baidu_fallback_inferred_1e8,
000408,success_with_fallback_fill,1983,2016-01-09,2025-12-31,0.0,0.020675743822491176,akshare_stock_value_em+akshare_baidu_fallback_inferred_1e8,
000413,fallback,189,2016-01-10,2024-10-10,0.0,1.0,akshare_baidu_fallback_inferred_1e8,eastmoney: TypeError: 'NoneType' object is not subscriptable | TypeError: 'NoneType' object is not subscriptable | TypeError: 'NoneType' object is not subscriptable
000415,success_with_fallback_fill,1983,2016-01-09,2025-12-31,0.0,0.020675743822491176,akshare_stock_value_em+akshare_baidu_fallback_inferred_1e8,
000423,success_with_fallback_fill,1983,2016-01-09,2025-12-31,0.0,0.020675743822491176,akshare_stock_value_em+akshare_baidu_fallback_inferred_1e8,
000425,success_with_fallback_fill,1983,2016-01-09,2025-12-31,0.0,0.020675743822491176,akshare_stock_value_em+akshare_baidu_fallback_inferred_1e8,
000503,success_with_fallback_fill,1979,2016-01-03,2025-12-31,0.0,0.01869631126831733,akshare_stock_value_em+akshare_baidu_fallback_inferred_1e8,
000538,success_with_fallback_fill,1979,2016-01-03,2025-12-31,0.0,0.01869631126831733,akshare_stock_value_em+akshare_baidu_fallback_inferred_1e8,
000539,success_with_fallback_fill,1979,2016-01-03,2025-12-31,0.0,0.01869631126831733,akshare_stock_value_em+akshare_baidu_fallback_inferred_1e8,
000540,fallback,153,2016-01-01,2023-06-29,0.0,1.0,akshare_baidu_fallback_inferred_1e8,eastmoney: TypeError: 'NoneType' object is not subscriptable | TypeError: 'NoneType' object is not subscriptable | TypeError: 'NoneType' object is not subscriptable
000553,success_with_fallback_fill,1979,2016-01-03,2025-12-31,0.0,0.01869631126831733,akshare_stock_value_em+akshare_baidu_fallback_inferred_1e8,
000555,success_with_fallback_fill,1979,2016-01-03,2025-12-31,0.0,0.01869631126831733,akshare_stock_value_em+akshare_baidu_fallback_inferred_1e8,
000559,success_with_fallback_fill,1979,2016-01-03,2025-12-31,0.0,0.01869631126831733,akshare_stock_value_em+akshare_baidu_fallback_inferred_1e8,
000568,success_with_fallback_fill,1981,2016-01-05,2025-12-31,0.0,0.019687026754164564,akshare_stock_value_em+akshare_baidu_fallback_inferred_1e8,
000581,success_with_fallback_fill,1986,2016-01-01,2025-12-31,0.0,0.022155085599194362,akshare_stock_value_em+akshare_baidu_fallback_inferred_1e8,
000596,success_with_fallback_fill,1983,2016-01-09,2025-12-31,0.0,0.020675743822491176,akshare_stock_value_em+akshare_baidu_fallback_inferred_1e8,
000598,success_with_fallback_fill,1983,2016-01-09,2025-12-31,0.0,0.020675743822491176,akshare_stock_value_em+akshare_baidu_fallback_inferred_1e8,
000617,success_with_fallback_fill,1983,2016-01-09,2025-12-31,0.0,0.020675743822491176,akshare_stock_value_em+akshare_baidu_fallback_inferred_1e8,
000623,success_with_fallback_fill,1983,2016-01-09,2025-12-31,0.0,0.020675743822491176,akshare_stock_value_em+akshare_baidu_fallback_inferred_1e8,
000625,success_with_fallback_fill,1986,2016-01-01,2025-12-31,0.0,0.022155085599194362,akshare_stock_value_em+akshare_baidu_fallback_inferred_1e8,
000627,fallback,210,2016-01-07,2025-09-29,0.0,1.0,akshare_baidu_fallback_inferred_1e8,eastmoney: TypeError: 'NoneType' object is not subscriptable | TypeError: 'NoneType' object is not subscriptable | TypeError: 'NoneType' object is not subscriptable
000629,success_with_fallback_fill,1983,2016-01-09,2025-12-31,0.0,0.020675743822491176,akshare_stock_value_em+akshare_baidu_fallback_inferred_1e8,
000630,success_with_fallback_fill,1983,2016-01-09,2025-12-31,0.0,0.020675743822491176,akshare_stock_value_em+akshare_baidu_fallback_inferred_1e8,
000651,success_with_fallback_fill,1983,2016-01-09,2025-12-31,0.0,0.020675743822491176,akshare_stock_value_em+akshare_baidu_fallback_inferred_1e8,
000656,success_with_fallback_fill,1983,2016-01-09,2025-12-31,0.0,0.020675743822491176,akshare_stock_value_em+akshare_baidu_fallback_inferred_1e8,
000661,success_with_fallback_fill,1983,2016-01-09,2025-12-31,0.0,0.020675743822491176,akshare_stock_value_em+akshare_baidu_fallback_inferred_1e8,
000671,fallback,174,2016-01-16,2023-08-15,0.0,1.0,akshare_baidu_fallback_inferred_1e8,eastmoney: TypeError: 'NoneType' object is not subscriptable | TypeError: 'NoneType' object is not subscriptable | TypeError: 'NoneType' object is not subscriptable
000686,success_with_fallback_fill,1983,2016-01-09,2025-12-31,0.0,0.020675743822491176,akshare_stock_value_em+akshare_baidu_fallback_inferred_1e8,
000703,success_with_fallback_fill,1983,2016-01-09,2025-12-31,0.0,0.020675743822491176,akshare_stock_value_em+akshare_baidu_fallback_inferred_1e8,
000708,success_with_fallback_fill,1983,2016-01-09,2025-12-31,0.0,0.020675743822491176,akshare_stock_value_em+akshare_baidu_fallback_inferred_1e8,
000709,success_with_fallback_fill,1983,2016-01-09,2025-12-31,0.0,0.020675743822491176,akshare_stock_value_em+akshare_baidu_fallback_inferred_1e8,
000712,success_with_fallback_fill,1983,2016-01-09,2025-12-31,0.0,0.020675743822491176,akshare_stock_value_em+akshare_baidu_fallback_inferred_1e8,
000718,success_with_fallback_fill,1983,2016-01-09,2025-12-31,0.0,0.020675743822491176,akshare_stock_value_em+akshare_baidu_fallback_inferred_1e8,
000723,success_with_fallback_fill,1983,2016-01-09,2025-12-31,0.0,0.020675743822491176,akshare_stock_value_em+akshare_baidu_fallback_inferred_1e8,
000725,success_with_fallback_fill,1991,2016-01-03,2025-12-31,0.0,0.024610748367654443,akshare_stock_value_em+akshare_baidu_fallback_inferred_1e8,
000728,success_with_fallback_fill,1986,2016-01-01,2025-12-31,0.0,0.022155085599194362,akshare_stock_value_em+akshare_baidu_fallback_inferred_1e8,
000729,success_with_fallback_fill,1986,2016-01-01,2025-12-31,0.0,0.022155085599194362,akshare_stock_value_em+akshare_baidu_fallback_inferred_1e8,
000733,success_with_fallback_fill,1986,2016-01-01,2025-12-31,0.0,0.022155085599194362,akshare_stock_value_em+akshare_baidu_fallback_inferred_1e8,
000738,success_with_fallback_fill,1986,2016-01-01,2025-12-31,0.0,0.022155085599194362,akshare_stock_value_em+akshare_baidu_fallback_inferred_1e8,
000750,success_with_fallback_fill,1986,2016-01-01,2025-12-31,0.0,0.022155085599194362,akshare_stock_value_em+akshare_baidu_fallback_inferred_1e8,
000768,success_with_fallback_fill,1986,2016-01-01,2025-12-31,0.0,0.022155085599194362,akshare_stock_value_em+akshare_baidu_fallback_inferred_1e8,
000776,success_with_fallback_fill,1986,2016-01-01,2025-12-31,0.0,0.022155085599194362,akshare_stock_value_em+akshare_baidu_fallback_inferred_1e8,
000778,success_with_fallback_fill,1986,2016-01-01,2025-12-31,0.0,0.022155085599194362,akshare_stock_value_em+akshare_baidu_fallback_inferred_1e8,
000783,success_with_fallback_fill,1986,2016-01-01,2025-12-31,0.0,0.022155085599194362,akshare_stock_value_em+akshare_baidu_fallback_inferred_1e8,
000786,success_with_fallback_fill,1986,2016-01-01,2025-12-31,0.0,0.022155085599194362,akshare_stock_value_em+akshare_baidu_fallback_inferred_1e8,
000792,success_with_fallback_fill,1986,2016-01-01,2025-12-31,0.0,0.022155085599194362,akshare_stock_value_em+akshare_baidu_fallback_inferred_1e8,
000793,success_with_fallback_fill,1986,2016-01-01,2025-12-31,0.0,0.022155085599194362,akshare_stock_value_em+akshare_baidu_fallback_inferred_1e8,
000800,success_with_fallback_fill,1986,2016-01-01,2025-12-31,0.0,0.022155085599194362,akshare_stock_value_em+akshare_baidu_fallback_inferred_1e8,
000807,success_with_fallback_fill,1986,2016-01-01,2025-12-31,0.0,0.022155085599194362,akshare_stock_value_em+akshare_baidu_fallback_inferred_1e8,
000825,success_with_fallback_fill,1986,2016-01-01,2025-12-31,0.0,0.022155085599194362,akshare_stock_value_em+akshare_baidu_fallback_inferred_1e8,
000826,success_with_fallback_fill,1986,2016-01-01,2025-12-31,0.0,0.022155085599194362,akshare_stock_value_em+akshare_baidu_fallback_inferred_1e8,
000831,success_with_fallback_fill,1986,2016-01-01,2025-12-31,0.0,0.022155085599194362,akshare_stock_value_em+akshare_baidu_fallback_inferred_1e8,
000839,success_with_fallback_fill,1986,2016-01-01,2025-12-31,0.0,0.022155085599194362,akshare_stock_value_em+akshare_baidu_fallback_inferred_1e8,
000858,success_with_fallback_fill,1986,2016-01-01,2025-12-31,0.0,0.022155085599194362,akshare_stock_value_em+akshare_baidu_fallback_inferred_1e8,
000860,success_with_fallback_fill,1986,2016-01-01,2025-12-31,0.0,0.022155085599194362,akshare_stock_value_em+akshare_baidu_fallback_inferred_1e8,
000876,success_with_fallback_fill,1986,2016-01-01,2025-12-31,0.0,0.022155085599194362,akshare_stock_value_em+akshare_baidu_fallback_inferred_1e8,
000877,success_with_fallback_fill,1988,2016-01-03,2025-12-31,0.0,0.023138832997987926,akshare_stock_value_em+akshare_baidu_fallback_inferred_1e8,
000883,success_with_fallback_fill,1986,2016-01-01,2025-12-31,0.0,0.022155085599194362,akshare_stock_value_em+akshare_baidu_fallback_inferred_1e8,
000895,success_with_fallback_fill,1988,2016-01-03,2025-12-31,0.0,0.023138832997987926,akshare_stock_value_em+akshare_baidu_fallback_inferred_1e8,
000898,success_with_fallback_fill,1986,2016-01-01,2025-12-31,0.0,0.022155085599194362,akshare_stock_value_em+akshare_baidu_fallback_inferred_1e8,
000917,success_with_fallback_fill,1988,2016-01-03,2025-12-31,0.0,0.023138832997987926,akshare_stock_value_em+akshare_baidu_fallback_inferred_1e8,
000937,success_with_fallback_fill,1988,2016-01-03,2025-12-31,0.0,0.023138832997987926,akshare_stock_value_em+akshare_baidu_fallback_inferred_1e8,
000938,success_with_fallback_fill,1988,2016-01-03,2025-12-31,0.0,0.023138832997987926,akshare_stock_value_em+akshare_baidu_fallback_inferred_1e8,
000959,success_with_fallback_fill,1988,2016-01-03,2025-12-31,0.0,0.023138832997987926,akshare_stock_value_em+akshare_baidu_fallback_inferred_1e8,
000961,fallback,223,2016-01-06,2024-07-10,0.0,1.0,akshare_baidu_fallback_inferred_1e8,eastmoney: TypeError: 'NoneType' object is not subscriptable | TypeError: 'NoneType' object is not subscriptable | TypeError: 'NoneType' object is not subscriptable
000963,success_with_fallback_fill,1988,2016-01-03,2025-12-31,0.0,0.023138832997987926,akshare_stock_value_em+akshare_baidu_fallback_inferred_1e8,
000975,success_with_fallback_fill,1988,2016-01-03,2025-12-31,0.0,0.023138832997987926,akshare_stock_value_em+akshare_baidu_fallback_inferred_1e8,
000977,success_with_fallback_fill,1988,2016-01-03,2025-12-31,0.0,0.023138832997987926,akshare_stock_value_em+akshare_baidu_fallback_inferred_1e8,
000983,success_with_fallback_fill,1991,2016-01-03,2025-12-31,0.0,0.024610748367654443,akshare_stock_value_em+akshare_baidu_fallback_inferred_1e8,
000999,success_with_fallback_fill,1988,2016-01-03,2025-12-31,0.0,0.023138832997987926,akshare_stock_value_em+akshare_baidu_fallback_inferred_1e8,
001289,success,955,2022-01-24,2025-12-31,0.0,0.0,akshare_stock_value_em,
001391,success,245,2024-12-30,2025-12-31,0.0,0.0,akshare_stock_value_em,
001965,success_with_fallback_fill,1944,2017-12-27,2025-12-31,0.0,0.00102880658436214,akshare_stock_value_em+akshare_baidu_fallback_inferred_1e8,
001979,success_with_fallback_fill,2088,2016-01-03,2025-12-31,0.0,0.06992337164750957,akshare_stock_value_em+akshare_baidu_fallback_inferred_1e8,
002001,success_with_fallback_fill,1998,2016-01-08,2025-12-31,0.0,0.028028028028028028,akshare_stock_value_em+akshare_baidu_fallback_inferred_1e8,
002007,success_with_fallback_fill,1998,2016-01-08,2025-12-31,0.0,0.028028028028028028,akshare_stock_value_em+akshare_baidu_fallback_inferred_1e8,
002008,success_with_fallback_fill,1998,2016-01-08,2025-12-31,0.0,0.028028028028028028,akshare_stock_value_em+akshare_baidu_fallback_inferred_1e8,
002010,success_with_fallback_fill,1998,2016-01-08,2025-12-31,0.0,0.028028028028028028,akshare_stock_value_em+akshare_baidu_fallback_inferred_1e8,
002024,success_with_fallback_fill,1998,2016-01-08,2025-12-31,0.0,0.028028028028028028,akshare_stock_value_em+akshare_baidu_fallback_inferred_1e8,
002027,success_with_fallback_fill,1998,2016-01-08,2025-12-31,0.0,0.028028028028028028,akshare_stock_value_em+akshare_baidu_fallback_inferred_1e8,
002028,success_with_fallback_fill,1998,2016-01-08,2025-12-31,0.0,0.028028028028028028,akshare_stock_value_em+akshare_baidu_fallback_inferred_1e8,
002032,success_with_fallback_fill,1998,2016-01-08,2025-12-31,0.0,0.028028028028028028,akshare_stock_value_em+akshare_baidu_fallback_inferred_1e8,
002038,success_with_fallback_fill,1998,2016-01-08,2025-12-31,0.0,0.028028028028028028,akshare_stock_value_em+akshare_baidu_fallback_inferred_1e8,
002044,success_with_fallback_fill,2003,2016-01-03,2025-12-31,0.0,0.030454318522216674,akshare_stock_value_em+akshare_baidu_fallback_inferred_1e8,
002049,success_with_fallback_fill,2003,2016-01-03,2025-12-31,0.0,0.030454318522216674,akshare_stock_value_em+akshare_baidu_fallback_inferred_1e8,
002050,success_with_fallback_fill,2003,2016-01-03,2025-12-31,0.0,0.030454318522216674,akshare_stock_value_em+akshare_baidu_fallback_inferred_1e8,
002064,success_with_fallback_fill,2009,2016-01-04,2025-12-31,0.0,0.03334992533598805,akshare_stock_value_em+akshare_baidu_fallback_inferred_1e8,
002065,success_with_fallback_fill,2009,2016-01-04,2025-12-31,0.0,0.03334992533598805,akshare_stock_value_em+akshare_baidu_fallback_inferred_1e8,
002074,success_with_fallback_fill,2009,2016-01-04,2025-12-31,0.0,0.03334992533598805,akshare_stock_value_em+akshare_baidu_fallback_inferred_1e8,
002081,success_with_fallback_fill,2009,2016-01-04,2025-12-31,0.0,0.03334992533598805,akshare_stock_value_em+akshare_baidu_fallback_inferred_1e8,
002085,success_with_fallback_fill,2009,2016-01-04,2025-12-31,0.0,0.03334992533598805,akshare_stock_value_em+akshare_baidu_fallback_inferred_1e8,
002120,success_with_fallback_fill,2009,2016-01-04,2025-12-31,0.0,0.03334992533598805,akshare_stock_value_em+akshare_baidu_fallback_inferred_1e8,
002129,success_with_fallback_fill,2009,2016-01-04,2025-12-31,0.0,0.03334992533598805,akshare_stock_value_em+akshare_baidu_fallback_inferred_1e8,
002131,success_with_fallback_fill,2009,2016-01-04,2025-12-31,0.0,0.03334992533598805,akshare_stock_value_em+akshare_baidu_fallback_inferred_1e8,
002142,success_with_fallback_fill,2009,2016-01-04,2025-12-31,0.0,0.03334992533598805,akshare_stock_value_em+akshare_baidu_fallback_inferred_1e8,
002146,success_with_fallback_fill,2009,2016-01-04,2025-12-31,0.0,0.03334992533598805,akshare_stock_value_em+akshare_baidu_fallback_inferred_1e8,
002152,success_with_fallback_fill,2009,2016-01-04,2025-12-31,0.0,0.03334992533598805,akshare_stock_value_em+akshare_baidu_fallback_inferred_1e8,
002153,success_with_fallback_fill,2009,2016-01-04,2025-12-31,0.0,0.03334992533598805,akshare_stock_value_em+akshare_baidu_fallback_inferred_1e8,
002157,success_with_fallback_fill,2009,2016-01-04,2025-12-31,0.0,0.03334992533598805,akshare_stock_value_em+akshare_baidu_fallback_inferred_1e8,
002174,success_with_fallback_fill,2009,2016-01-04,2025-12-31,0.0,0.03334992533598805,akshare_stock_value_em+akshare_baidu_fallback_inferred_1e8,
002179,success_with_fallback_fill,2009,2016-01-04,2025-12-31,0.0,0.03334992533598805,akshare_stock_value_em+akshare_baidu_fallback_inferred_1e8,
002180,success_with_fallback_fill,2009,2016-01-04,2025-12-31,0.0,0.03334992533598805,akshare_stock_value_em+akshare_baidu_fallback_inferred_1e8,
002183,success_with_fallback_fill,2009,2016-01-04,2025-12-31,0.0,0.03334992533598805,akshare_stock_value_em+akshare_baidu_fallback_inferred_1e8,
002195,success_with_fallback_fill,2009,2016-01-04,2025-12-31,0.0,0.03334992533598805,akshare_stock_value_em+akshare_baidu_fallback_inferred_1e8,
002202,success_with_fallback_fill,2009,2016-01-04,2025-12-31,0.0,0.03334992533598805,akshare_stock_value_em+akshare_baidu_fallback_inferred_1e8,
002230,success_with_fallback_fill,2015,2016-01-03,2025-12-31,0.0,0.036228287841191066,akshare_stock_value_em+akshare_baidu_fallback_inferred_1e8,
002236,success_with_fallback_fill,2015,2016-01-03,2025-12-31,0.0,0.036228287841191066,akshare_stock_value_em+akshare_baidu_fallback_inferred_1e8,
002241,success_with_fallback_fill,2015,2016-01-03,2025-12-31,0.0,0.036228287841191066,akshare_stock_value_em+akshare_baidu_fallback_inferred_1e8,
002252,success_with_fallback_fill,2015,2016-01-03,2025-12-31,0.0,0.036228287841191066,akshare_stock_value_em+akshare_baidu_fallback_inferred_1e8,
002271,success_with_fallback_fill,2015,2016-01-03,2025-12-31,0.0,0.036228287841191066,akshare_stock_value_em+akshare_baidu_fallback_inferred_1e8,
002292,success_with_fallback_fill,2023,2016-01-09,2025-12-31,0.0,0.04003954522985665,akshare_stock_value_em+akshare_baidu_fallback_inferred_1e8,
002294,success_with_fallback_fill,2023,2016-01-09,2025-12-31,0.0,0.04003954522985665,akshare_stock_value_em+akshare_baidu_fallback_inferred_1e8,
002299,success_with_fallback_fill,2023,2016-01-09,2025-12-31,0.0,0.04003954522985665,akshare_stock_value_em+akshare_baidu_fallback_inferred_1e8,
002304,success_with_fallback_fill,2023,2016-01-09,2025-12-31,0.0,0.04003954522985665,akshare_stock_value_em+akshare_baidu_fallback_inferred_1e8,
002310,success_with_fallback_fill,2023,2016-01-09,2025-12-31,0.0,0.04003954522985665,akshare_stock_value_em+akshare_baidu_fallback_inferred_1e8,
002311,success_with_fallback_fill,2023,2016-01-09,2025-12-31,0.0,0.04003954522985665,akshare_stock_value_em+akshare_baidu_fallback_inferred_1e8,
002352,success_with_fallback_fill,2023,2016-01-09,2025-12-31,0.0,0.04003954522985665,akshare_stock_value_em+akshare_baidu_fallback_inferred_1e8,
002353,success_with_fallback_fill,2023,2016-01-09,2025-12-31,0.0,0.04003954522985665,akshare_stock_value_em+akshare_baidu_fallback_inferred_1e8,
002371,success_with_fallback_fill,2023,2016-01-09,2025-12-31,0.0,0.04003954522985665,akshare_stock_value_em+akshare_baidu_fallback_inferred_1e8,
002375,success_with_fallback_fill,2023,2016-01-09,2025-12-31,0.0,0.04003954522985665,akshare_stock_value_em+akshare_baidu_fallback_inferred_1e8,
002384,success_with_fallback_fill,2023,2016-01-09,2025-12-31,0.0,0.04003954522985665,akshare_stock_value_em+akshare_baidu_fallback_inferred_1e8,
002385,success_with_fallback_fill,2023,2016-01-09,2025-12-31,0.0,0.04003954522985665,akshare_stock_value_em+akshare_baidu_fallback_inferred_1e8,
002399,success_with_fallback_fill,2023,2016-01-09,2025-12-31,0.0,0.04003954522985665,akshare_stock_value_em+akshare_baidu_fallback_inferred_1e8,
002410,success_with_fallback_fill,2023,2016-01-09,2025-12-31,0.0,0.04003954522985665,akshare_stock_value_em+akshare_baidu_fallback_inferred_1e8,
002411,fallback,393,2016-01-05,2023-07-11,0.0,1.0,akshare_baidu_fallback_inferred_1e8,eastmoney: TypeError: 'NoneType' object is not subscriptable | TypeError: 'NoneType' object is not subscriptable | TypeError: 'NoneType' object is not subscriptable
002414,success_with_fallback_fill,2023,2016-01-09,2025-12-31,0.0,0.04003954522985665,akshare_stock_value_em+akshare_baidu_fallback_inferred_1e8,
002415,success_with_fallback_fill,2023,2016-01-09,2025-12-31,0.0,0.04003954522985665,akshare_stock_value_em+akshare_baidu_fallback_inferred_1e8,
002422,success_with_fallback_fill,2023,2016-01-09,2025-12-31,0.0,0.04003954522985665,akshare_stock_value_em+akshare_baidu_fallback_inferred_1e8,
002424,success_with_fallback_fill,2023,2016-01-09,2025-12-31,0.0,0.04003954522985665,akshare_stock_value_em+akshare_baidu_fallback_inferred_1e8,
002426,success_with_fallback_fill,2023,2016-01-09,2025-12-31,0.0,0.04003954522985665,akshare_stock_value_em+akshare_baidu_fallback_inferred_1e8,
002450,fallback,330,2016-01-03,2021-05-30,0.0,1.0,akshare_baidu_fallback_inferred_1e8,eastmoney: TypeError: 'NoneType' object is not subscriptable | TypeError: 'NoneType' object is not subscriptable | TypeError: 'NoneType' object is not subscriptable
002456,success_with_fallback_fill,2023,2016-01-09,2025-12-31,0.0,0.04003954522985665,akshare_stock_value_em+akshare_baidu_fallback_inferred_1e8,
002459,success_with_fallback_fill,2023,2016-01-09,2025-12-31,0.0,0.04003954522985665,akshare_stock_value_em+akshare_baidu_fallback_inferred_1e8,
002460,success_with_fallback_fill,2023,2016-01-09,2025-12-31,0.0,0.04003954522985665,akshare_stock_value_em+akshare_baidu_fallback_inferred_1e8,
002463,success_with_fallback_fill,2023,2016-01-09,2025-12-31,0.0,0.04003954522985665,akshare_stock_value_em+akshare_baidu_fallback_inferred_1e8,
002465,success_with_fallback_fill,2023,2016-01-09,2025-12-31,0.0,0.04003954522985665,akshare_stock_value_em+akshare_baidu_fallback_inferred_1e8,
002466,success_with_fallback_fill,2023,2016-01-09,2025-12-31,0.0,0.04003954522985665,akshare_stock_value_em+akshare_baidu_fallback_inferred_1e8,
002468,success_with_fallback_fill,2023,2016-01-09,2025-12-31,0.0,0.04003954522985665,akshare_stock_value_em+akshare_baidu_fallback_inferred_1e8,
002470,success_with_fallback_fill,2023,2016-01-09,2025-12-31,0.0,0.04003954522985665,akshare_stock_value_em+akshare_baidu_fallback_inferred_1e8,
002475,success_with_fallback_fill,2023,2016-01-09,2025-12-31,0.0,0.04003954522985665,akshare_stock_value_em+akshare_baidu_fallback_inferred_1e8,
002493,success_with_fallback_fill,2023,2016-01-09,2025-12-31,0.0,0.04003954522985665,akshare_stock_value_em+akshare_baidu_fallback_inferred_1e8,
002500,success_with_fallback_fill,2023,2016-01-09,2025-12-31,0.0,0.04003954522985665,akshare_stock_value_em+akshare_baidu_fallback_inferred_1e8,
002508,success_with_fallback_fill,2023,2016-01-09,2025-12-31,0.0,0.04003954522985665,akshare_stock_value_em+akshare_baidu_fallback_inferred_1e8,
002555,success_with_fallback_fill,2023,2016-01-09,2025-12-31,0.0,0.04003954522985665,akshare_stock_value_em+akshare_baidu_fallback_inferred_1e8,
002558,success_with_fallback_fill,2023,2016-01-09,2025-12-31,0.0,0.04003954522985665,akshare_stock_value_em+akshare_baidu_fallback_inferred_1e8,
002568,success_with_fallback_fill,2034,2016-01-03,2025-12-31,0.0,0.04523107177974434,akshare_stock_value_em+akshare_baidu_fallback_inferred_1e8,
002572,success_with_fallback_fill,2034,2016-01-03,2025-12-31,0.0,0.04523107177974434,akshare_stock_value_em+akshare_baidu_fallback_inferred_1e8,
002594,success_with_fallback_fill,2034,2016-01-03,2025-12-31,0.0,0.04523107177974434,akshare_stock_value_em+akshare_baidu_fallback_inferred_1e8,
002600,success_with_fallback_fill,2034,2016-01-03,2025-12-31,0.0,0.04523107177974434,akshare_stock_value_em+akshare_baidu_fallback_inferred_1e8,
002601,success_with_fallback_fill,2034,2016-01-03,2025-12-31,0.0,0.04523107177974434,akshare_stock_value_em+akshare_baidu_fallback_inferred_1e8,
002602,success_with_fallback_fill,2034,2016-01-03,2025-12-31,0.0,0.04523107177974434,akshare_stock_value_em+akshare_baidu_fallback_inferred_1e8,
002603,success_with_fallback_fill,2034,2016-01-03,2025-12-31,0.0,0.04523107177974434,akshare_stock_value_em+akshare_baidu_fallback_inferred_1e8,
002607,success_with_fallback_fill,2034,2016-01-03,2025-12-31,0.0,0.04523107177974434,akshare_stock_value_em+akshare_baidu_fallback_inferred_1e8,
002608,success_with_fallback_fill,2034,2016-01-03,2025-12-31,0.0,0.04523107177974434,akshare_stock_value_em+akshare_baidu_fallback_inferred_1e8,
002624,success_with_fallback_fill,2034,2016-01-03,2025-12-31,0.0,0.04523107177974434,akshare_stock_value_em+akshare_baidu_fallback_inferred_1e8,
002625,success_with_fallback_fill,2034,2016-01-03,2025-12-31,0.0,0.04523107177974434,akshare_stock_value_em+akshare_baidu_fallback_inferred_1e8,
002648,success_with_fallback_fill,2034,2016-01-03,2025-12-31,0.0,0.04523107177974434,akshare_stock_value_em+akshare_baidu_fallback_inferred_1e8,
002673,success_with_fallback_fill,2034,2016-01-03,2025-12-31,0.0,0.04523107177974434,akshare_stock_value_em+akshare_baidu_fallback_inferred_1e8,
002709,success_with_fallback_fill,2046,2016-01-07,2025-12-31,0.0,0.05083088954056696,akshare_stock_value_em+akshare_baidu_fallback_inferred_1e8,
002714,success_with_fallback_fill,2046,2016-01-07,2025-12-31,0.0,0.05083088954056696,akshare_stock_value_em+akshare_baidu_fallback_inferred_1e8,
002736,success_with_fallback_fill,2064,2016-01-03,2025-12-31,0.0,0.05910852713178295,akshare_stock_value_em+akshare_baidu_fallback_inferred_1e8,
002739,success_with_fallback_fill,2064,2016-01-03,2025-12-31,0.0,0.05910852713178295,akshare_stock_value_em+akshare_baidu_fallback_inferred_1e8,
002756,success_with_fallback_fill,2064,2016-01-03,2025-12-31,0.0,0.05910852713178295,akshare_stock_value_em+akshare_baidu_fallback_inferred_1e8,
002773,success_with_fallback_fill,2064,2016-01-03,2025-12-31,0.0,0.05910852713178295,akshare_stock_value_em+akshare_baidu_fallback_inferred_1e8,
002791,success_with_fallback_fill,2070,2016-04-02,2025-12-31,0.0,0.06183574879227053,akshare_stock_value_em+akshare_baidu_fallback_inferred_1e8,
002797,success_with_fallback_fill,2062,2016-05-12,2025-12-31,0.0,0.058195926285160036,akshare_stock_value_em+akshare_baidu_fallback_inferred_1e8,
002812,success_with_fallback_fill,2037,2016-09-14,2025-12-31,0.0,0.046637211585665195,akshare_stock_value_em+akshare_baidu_fallback_inferred_1e8,
002821,success_with_fallback_fill,2024,2016-11-18,2025-12-31,0.0,0.040513833992094864,akshare_stock_value_em+akshare_baidu_fallback_inferred_1e8,
002831,success_with_fallback_fill,2018,2016-12-18,2025-12-31,0.0,0.03766105054509415,akshare_stock_value_em+akshare_baidu_fallback_inferred_1e8,
002839,success_with_fallback_fill,2010,2017-01-27,2025-12-31,0.0,0.03383084577114428,akshare_stock_value_em+akshare_baidu_fallback_inferred_1e8,
002841,success_with_fallback_fill,2011,2017-01-22,2025-12-31,0.0,0.034311287916459474,akshare_stock_value_em+akshare_baidu_fallback_inferred_1e8,
002916,success_with_fallback_fill,1947,2017-12-15,2025-12-31,0.0,0.0025680534155110425,akshare_stock_value_em+akshare_baidu_fallback_inferred_1e8,
002920,success_with_fallback_fill,1944,2017-12-27,2025-12-31,0.0,0.00102880658436214,akshare_stock_value_em+akshare_baidu_fallback_inferred_1e8,
002925,success,1933,2018-01-15,2025-12-31,0.0,0.0,akshare_stock_value_em,
002938,success,1767,2018-09-18,2025-12-31,0.0,0.0,akshare_stock_value_em,
002939,success,1745,2018-10-26,2025-12-31,0.0,0.0,akshare_stock_value_em,
002945,success,1688,2019-01-17,2025-12-31,0.0,0.0,akshare_stock_value_em,
002958,success,1645,2019-03-26,2025-12-31,0.0,0.0,akshare_stock_value_em,
003816,success,1541,2019-08-26,2025-12-31,0.0,0.0,akshare_stock_value_em,
300002,success_with_fallback_fill,2023,2016-01-09,2025-12-31,0.0,0.04003954522985665,akshare_stock_value_em+akshare_baidu_fallback_inferred_1e8,
300003,success_with_fallback_fill,2023,2016-01-09,2025-12-31,0.0,0.04003954522985665,akshare_stock_value_em+akshare_baidu_fallback_inferred_1e8,
300014,success_with_fallback_fill,2023,2016-01-09,2025-12-31,0.0,0.04003954522985665,akshare_stock_value_em+akshare_baidu_fallback_inferred_1e8,
300015,success_with_fallback_fill,2023,2016-01-09,2025-12-31,0.0,0.04003954522985665,akshare_stock_value_em+akshare_baidu_fallback_inferred_1e8,
300017,success_with_fallback_fill,2023,2016-01-09,2025-12-31,0.0,0.04003954522985665,akshare_stock_value_em+akshare_baidu_fallback_inferred_1e8,
300024,success_with_fallback_fill,2023,2016-01-09,2025-12-31,0.0,0.04003954522985665,akshare_stock_value_em+akshare_baidu_fallback_inferred_1e8,
300027,success_with_fallback_fill,2023,2016-01-09,2025-12-31,0.0,0.04003954522985665,akshare_stock_value_em+akshare_baidu_fallback_inferred_1e8,
300033,success_with_fallback_fill,2023,2016-01-09,2025-12-31,0.0,0.04003954522985665,akshare_stock_value_em+akshare_baidu_fallback_inferred_1e8,
300058,success_with_fallback_fill,2023,2016-01-09,2025-12-31,0.0,0.04003954522985665,akshare_stock_value_em+akshare_baidu_fallback_inferred_1e8,
300059,success_with_fallback_fill,2023,2016-01-09,2025-12-31,0.0,0.04003954522985665,akshare_stock_value_em+akshare_baidu_fallback_inferred_1e8,
300070,success_with_fallback_fill,2023,2016-01-09,2025-12-31,0.0,0.04003954522985665,akshare_stock_value_em+akshare_baidu_fallback_inferred_1e8,
300072,success_with_fallback_fill,2023,2016-01-09,2025-12-31,0.0,0.04003954522985665,akshare_stock_value_em+akshare_baidu_fallback_inferred_1e8,
300085,success_with_fallback_fill,2023,2016-01-09,2025-12-31,0.0,0.04003954522985665,akshare_stock_value_em+akshare_baidu_fallback_inferred_1e8,
300104,fallback,333,2016-01-03,2020-07-20,0.0,1.0,akshare_baidu_fallback_inferred_1e8,eastmoney: TypeError: 'NoneType' object is not subscriptable | TypeError: 'NoneType' object is not subscriptable | TypeError: 'NoneType' object is not subscriptable
300122,success_with_fallback_fill,2023,2016-01-09,2025-12-31,0.0,0.04003954522985665,akshare_stock_value_em+akshare_baidu_fallback_inferred_1e8,
300124,success_with_fallback_fill,2023,2016-01-09,2025-12-31,0.0,0.04003954522985665,akshare_stock_value_em+akshare_baidu_fallback_inferred_1e8,
300133,success_with_fallback_fill,2023,2016-01-09,2025-12-31,0.0,0.04003954522985665,akshare_stock_value_em+akshare_baidu_fallback_inferred_1e8,
300136,success_with_fallback_fill,2023,2016-01-09,2025-12-31,0.0,0.04003954522985665,akshare_stock_value_em+akshare_baidu_fallback_inferred_1e8,
300142,success_with_fallback_fill,2023,2016-01-09,2025-12-31,0.0,0.04003954522985665,akshare_stock_value_em+akshare_baidu_fallback_inferred_1e8,
300144,success_with_fallback_fill,2023,2016-01-09,2025-12-31,0.0,0.04003954522985665,akshare_stock_value_em+akshare_baidu_fallback_inferred_1e8,
300146,success_with_fallback_fill,2023,2016-01-09,2025-12-31,0.0,0.04003954522985665,akshare_stock_value_em+akshare_baidu_fallback_inferred_1e8,
300168,success_with_fallback_fill,2023,2016-01-09,2025-12-31,0.0,0.04003954522985665,akshare_stock_value_em+akshare_baidu_fallback_inferred_1e8,
300182,success_with_fallback_fill,2023,2016-01-09,2025-12-31,0.0,0.04003954522985665,akshare_stock_value_em+akshare_baidu_fallback_inferred_1e8,
300207,success_with_fallback_fill,2034,2016-01-03,2025-12-31,0.0,0.04523107177974434,akshare_stock_value_em+akshare_baidu_fallback_inferred_1e8,
300223,success_with_fallback_fill,2034,2016-01-03,2025-12-31,0.0,0.04523107177974434,akshare_stock_value_em+akshare_baidu_fallback_inferred_1e8,
300251,success_with_fallback_fill,2034,2016-01-03,2025-12-31,0.0,0.04523107177974434,akshare_stock_value_em+akshare_baidu_fallback_inferred_1e8,
300274,success_with_fallback_fill,2034,2016-01-03,2025-12-31,0.0,0.04523107177974434,akshare_stock_value_em+akshare_baidu_fallback_inferred_1e8,
300296,success_with_fallback_fill,2034,2016-01-03,2025-12-31,0.0,0.04523107177974434,akshare_stock_value_em+akshare_baidu_fallback_inferred_1e8,
300308,success_with_fallback_fill,2034,2016-01-03,2025-12-31,0.0,0.04523107177974434,akshare_stock_value_em+akshare_baidu_fallback_inferred_1e8,
300315,success_with_fallback_fill,2034,2016-01-03,2025-12-31,0.0,0.04523107177974434,akshare_stock_value_em+akshare_baidu_fallback_inferred_1e8,
300316,success_with_fallback_fill,2034,2016-01-03,2025-12-31,0.0,0.04523107177974434,akshare_stock_value_em+akshare_baidu_fallback_inferred_1e8,
300347,success_with_fallback_fill,2034,2016-01-03,2025-12-31,0.0,0.04523107177974434,akshare_stock_value_em+akshare_baidu_fallback_inferred_1e8,
300394,success_with_fallback_fill,2064,2016-01-03,2025-12-31,0.0,0.05910852713178295,akshare_stock_value_em+akshare_baidu_fallback_inferred_1e8,
300408,success_with_fallback_fill,2064,2016-01-03,2025-12-31,0.0,0.05910852713178295,akshare_stock_value_em+akshare_baidu_fallback_inferred_1e8,
300413,success_with_fallback_fill,2064,2016-01-03,2025-12-31,0.0,0.05910852713178295,akshare_stock_value_em+akshare_baidu_fallback_inferred_1e8,
300418,success_with_fallback_fill,2064,2016-01-03,2025-12-31,0.0,0.05910852713178295,akshare_stock_value_em+akshare_baidu_fallback_inferred_1e8,
300433,success_with_fallback_fill,2064,2016-01-03,2025-12-31,0.0,0.05910852713178295,akshare_stock_value_em+akshare_baidu_fallback_inferred_1e8,
300442,success_with_fallback_fill,2064,2016-01-03,2025-12-31,0.0,0.05910852713178295,akshare_stock_value_em+akshare_baidu_fallback_inferred_1e8,
300450,success_with_fallback_fill,2064,2016-01-03,2025-12-31,0.0,0.05910852713178295,akshare_stock_value_em+akshare_baidu_fallback_inferred_1e8,
300454,success,1855,2018-05-16,2025-12-31,0.0,0.0,akshare_stock_value_em,
300476,success_with_fallback_fill,2064,2016-01-03,2025-12-31,0.0,0.05910852713178295,akshare_stock_value_em+akshare_baidu_fallback_inferred_1e8,
300496,success_with_fallback_fill,2088,2016-01-03,2025-12-31,0.0,0.06992337164750957,akshare_stock_value_em+akshare_baidu_fallback_inferred_1e8,
300498,success_with_fallback_fill,2088,2016-01-03,2025-12-31,0.0,0.06992337164750957,akshare_stock_value_em+akshare_baidu_fallback_inferred_1e8,
300502,success_with_fallback_fill,2076,2016-03-03,2025-12-31,0.0,0.06454720616570328,akshare_stock_value_em+akshare_baidu_fallback_inferred_1e8,
300529,success_with_fallback_fill,2045,2016-08-05,2025-12-31,0.0,0.05036674816625917,akshare_stock_value_em+akshare_baidu_fallback_inferred_1e8,
300558,success_with_fallback_fill,2026,2016-11-08,2025-12-31,0.0,0.04146100691016782,akshare_stock_value_em+akshare_baidu_fallback_inferred_1e8,
300595,success_with_fallback_fill,2012,2017-01-17,2025-12-31,0.0,0.03479125248508946,akshare_stock_value_em+akshare_baidu_fallback_inferred_1e8,
300601,success_with_fallback_fill,2007,2017-02-11,2025-12-31,0.0,0.03238664673642252,akshare_stock_value_em+akshare_baidu_fallback_inferred_1e8,
300628,success_with_fallback_fill,2000,2017-03-18,2025-12-31,0.0,0.029,akshare_stock_value_em+akshare_baidu_fallback_inferred_1e8,
300661,success_with_fallback_fill,1995,2017-06-06,2025-12-31,0.0,0.026566416040100252,akshare_stock_value_em+akshare_baidu_fallback_inferred_1e8,
300676,success_with_fallback_fill,1985,2017-07-16,2025-12-31,0.0,0.021662468513853905,akshare_stock_value_em+akshare_baidu_fallback_inferred_1e8,
300677,success_with_fallback_fill,1983,2017-07-24,2025-12-31,0.0,0.020675743822491176,akshare_stock_value_em+akshare_baidu_fallback_inferred_1e8,
300750,success,1837,2018-06-11,2025-12-31,0.0,0.0,akshare_stock_value_em,
300751,success,1735,2018-11-09,2025-12-31,0.0,0.0,akshare_stock_value_em,
300759,success,1681,2019-01-28,2025-12-31,0.0,0.0,akshare_stock_value_em,
300760,success,1753,2018-10-16,2025-12-31,0.0,0.0,akshare_stock_value_em,
300763,success,1650,2019-03-19,2025-12-31,0.0,0.0,akshare_stock_value_em,
300769,success,1632,2019-04-15,2025-12-31,0.0,0.0,akshare_stock_value_em,
300782,success,1590,2019-06-18,2025-12-31,0.0,0.0,akshare_stock_value_em,
300803,success,1487,2019-11-18,2025-12-31,0.0,0.0,akshare_stock_value_em,
300832,success,1372,2020-05-12,2025-12-31,0.0,0.0,akshare_stock_value_em,
300866,success,1300,2020-08-24,2025-12-31,0.0,0.0,akshare_stock_value_em,
300888,success,1282,2020-09-17,2025-12-31,0.0,0.0,akshare_stock_value_em,
300896,success,1275,2020-09-28,2025-12-31,0.0,0.0,akshare_stock_value_em,
300919,success,1219,2020-12-23,2025-12-31,0.0,0.0,akshare_stock_value_em,
300957,success,1159,2021-03-25,2025-12-31,0.0,0.0,akshare_stock_value_em,
300979,success,1138,2021-04-26,2025-12-31,0.0,0.0,akshare_stock_value_em,
300999,success,1268,2020-10-15,2025-12-31,0.0,0.0,akshare_stock_value_em,
301236,success,924,2022-03-15,2025-12-31,0.0,0.0,akshare_stock_value_em,
301269,success,832,2022-07-29,2025-12-31,0.0,0.0,akshare_stock_value_em,
302132,success_with_fallback_fill,2023,2016-01-09,2025-12-31,0.0,0.04003954522985665,akshare_stock_value_em+akshare_baidu_fallback_inferred_1e8,
600000,success_with_fallback_fill,1988,2016-01-03,2025-12-31,0.0,0.023138832997987926,akshare_stock_value_em+akshare_baidu_fallback_inferred_1e8,
600004,success_with_fallback_fill,1994,2016-01-07,2025-12-31,0.0,0.026078234704112337,akshare_stock_value_em+akshare_baidu_fallback_inferred_1e8,
600005,fallback,41,2016-01-10,2017-02-13,0.0,1.0,akshare_baidu_fallback_inferred_1e8,eastmoney: TypeError: 'NoneType' object is not subscriptable | TypeError: 'NoneType' object is not subscriptable | TypeError: 'NoneType' object is not subscriptable
600008,success_with_fallback_fill,1988,2016-01-03,2025-12-31,0.0,0.023138832997987926,akshare_stock_value_em+akshare_baidu_fallback_inferred_1e8,
600009,success_with_fallback_fill,1986,2016-01-01,2025-12-31,0.0,0.022155085599194362,akshare_stock_value_em+akshare_baidu_fallback_inferred_1e8,
600010,success_with_fallback_fill,1991,2016-01-03,2025-12-31,0.0,0.024610748367654443,akshare_stock_value_em+akshare_baidu_fallback_inferred_1e8,
600011,success_with_fallback_fill,1991,2016-01-03,2025-12-31,0.0,0.024610748367654443,akshare_stock_value_em+akshare_baidu_fallback_inferred_1e8,
600015,success_with_fallback_fill,1998,2016-01-08,2025-12-31,0.0,0.028028028028028028,akshare_stock_value_em+akshare_baidu_fallback_inferred_1e8,
600016,success_with_fallback_fill,1991,2016-01-03,2025-12-31,0.0,0.024610748367654443,akshare_stock_value_em+akshare_baidu_fallback_inferred_1e8,
600018,success_with_fallback_fill,2009,2016-01-04,2025-12-31,0.0,0.03334992533598805,akshare_stock_value_em+akshare_baidu_fallback_inferred_1e8,
600019,success_with_fallback_fill,1991,2016-01-03,2025-12-31,0.0,0.024610748367654443,akshare_stock_value_em+akshare_baidu_fallback_inferred_1e8,
600021,success_with_fallback_fill,1998,2016-01-08,2025-12-31,0.0,0.028028028028028028,akshare_stock_value_em+akshare_baidu_fallback_inferred_1e8,
600022,success_with_fallback_fill,1998,2016-01-08,2025-12-31,0.0,0.028028028028028028,akshare_stock_value_em+akshare_baidu_fallback_inferred_1e8,
600023,success_with_fallback_fill,2046,2016-01-07,2025-12-31,0.0,0.05083088954056696,akshare_stock_value_em+akshare_baidu_fallback_inferred_1e8,
600025,success_with_fallback_fill,1947,2017-12-15,2025-12-31,0.0,0.0025680534155110425,akshare_stock_value_em+akshare_baidu_fallback_inferred_1e8,
600026,success_with_fallback_fill,1994,2016-01-07,2025-12-31,0.0,0.026078234704112337,akshare_stock_value_em+akshare_baidu_fallback_inferred_1e8,
600027,success_with_fallback_fill,2003,2016-01-03,2025-12-31,0.0,0.030454318522216674,akshare_stock_value_em+akshare_baidu_fallback_inferred_1e8,
600028,success_with_fallback_fill,1991,2016-01-03,2025-12-31,0.0,0.024610748367654443,akshare_stock_value_em+akshare_baidu_fallback_inferred_1e8,
600029,success_with_fallback_fill,1998,2016-01-08,2025-12-31,0.0,0.028028028028028028,akshare_stock_value_em+akshare_baidu_fallback_inferred_1e8,
600030,success_with_fallback_fill,1994,2016-01-07,2025-12-31,0.0,0.026078234704112337,akshare_stock_value_em+akshare_baidu_fallback_inferred_1e8,
600031,success_with_fallback_fill,1994,2016-01-07,2025-12-31,0.0,0.026078234704112337,akshare_stock_value_em+akshare_baidu_fallback_inferred_1e8,
600036,success_with_fallback_fill,1994,2016-01-07,2025-12-31,0.0,0.026078234704112337,akshare_stock_value_em+akshare_baidu_fallback_inferred_1e8,
600037,success_with_fallback_fill,1991,2016-01-03,2025-12-31,0.0,0.024610748367654443,akshare_stock_value_em+akshare_baidu_fallback_inferred_1e8,
600038,success_with_fallback_fill,1991,2016-01-03,2025-12-31,0.0,0.024610748367654443,akshare_stock_value_em+akshare_baidu_fallback_inferred_1e8,
600039,success_with_fallback_fill,1994,2016-01-07,2025-12-31,0.0,0.026078234704112337,akshare_stock_value_em+akshare_baidu_fallback_inferred_1e8,
600048,success_with_fallback_fill,2003,2016-01-03,2025-12-31,0.0,0.030454318522216674,akshare_stock_value_em+akshare_baidu_fallback_inferred_1e8,
600050,success_with_fallback_fill,1994,2016-01-07,2025-12-31,0.0,0.026078234704112337,akshare_stock_value_em+akshare_baidu_fallback_inferred_1e8,
600060,success_with_fallback_fill,1983,2016-01-09,2025-12-31,0.0,0.020675743822491176,akshare_stock_value_em+akshare_baidu_fallback_inferred_1e8,
600061,success_with_fallback_fill,1983,2016-01-09,2025-12-31,0.0,0.020675743822491176,akshare_stock_value_em+akshare_baidu_fallback_inferred_1e8,
600066,success_with_fallback_fill,1983,2016-01-09,2025-12-31,0.0,0.020675743822491176,akshare_stock_value_em+akshare_baidu_fallback_inferred_1e8,
600068,fallback,149,2016-01-10,2021-09-12,0.0,1.0,akshare_baidu_fallback_inferred_1e8,eastmoney: TypeError: 'NoneType' object is not subscriptable | TypeError: 'NoneType' object is not subscriptable | TypeError: 'NoneType' object is not subscriptable
600074,fallback,125,2016-01-02,2020-06-01,0.0,1.0,akshare_baidu_fallback_inferred_1e8,eastmoney: TypeError: 'NoneType' object is not subscriptable | TypeError: 'NoneType' object is not subscriptable | TypeError: 'NoneType' object is not subscriptable
600079,success_with_fallback_fill,1986,2016-01-01,2025-12-31,0.0,0.022155085599194362,akshare_stock_value_em+akshare_baidu_fallback_inferred_1e8,
600085,success_with_fallback_fill,1986,2016-01-01,2025-12-31,0.0,0.022155085599194362,akshare_stock_value_em+akshare_baidu_fallback_inferred_1e8,
600089,success_with_fallback_fill,1986,2016-01-01,2025-12-31,0.0,0.022155085599194362,akshare_stock_value_em+akshare_baidu_fallback_inferred_1e8,
600098,success_with_fallback_fill,1986,2016-01-01,2025-12-31,0.0,0.022155085599194362,akshare_stock_value_em+akshare_baidu_fallback_inferred_1e8,
600100,success_with_fallback_fill,1986,2016-01-01,2025-12-31,0.0,0.022155085599194362,akshare_stock_value_em+akshare_baidu_fallback_inferred_1e8,
600104,success_with_fallback_fill,1986,2016-01-01,2025-12-31,0.0,0.022155085599194362,akshare_stock_value_em+akshare_baidu_fallback_inferred_1e8,
600109,success_with_fallback_fill,1986,2016-01-01,2025-12-31,0.0,0.022155085599194362,akshare_stock_value_em+akshare_baidu_fallback_inferred_1e8,
600111,success_with_fallback_fill,1986,2016-01-01,2025-12-31,0.0,0.022155085599194362,akshare_stock_value_em+akshare_baidu_fallback_inferred_1e8,
600115,success_with_fallback_fill,1986,2016-01-01,2025-12-31,0.0,0.022155085599194362,akshare_stock_value_em+akshare_baidu_fallback_inferred_1e8,
600118,success_with_fallback_fill,1986,2016-01-01,2025-12-31,0.0,0.022155085599194362,akshare_stock_value_em+akshare_baidu_fallback_inferred_1e8,
600132,success_with_fallback_fill,1986,2016-01-01,2025-12-31,0.0,0.022155085599194362,akshare_stock_value_em+akshare_baidu_fallback_inferred_1e8,
600143,success_with_fallback_fill,1998,2016-01-08,2025-12-31,0.0,0.028028028028028028,akshare_stock_value_em+akshare_baidu_fallback_inferred_1e8,
600150,success_with_fallback_fill,1986,2016-01-01,2025-12-31,0.0,0.022155085599194362,akshare_stock_value_em+akshare_baidu_fallback_inferred_1e8,
600153,success_with_fallback_fill,1986,2016-01-01,2025-12-31,0.0,0.022155085599194362,akshare_stock_value_em+akshare_baidu_fallback_inferred_1e8,
600157,success_with_fallback_fill,1986,2016-01-01,2025-12-31,0.0,0.022155085599194362,akshare_stock_value_em+akshare_baidu_fallback_inferred_1e8,
600160,success_with_fallback_fill,1986,2016-01-01,2025-12-31,0.0,0.022155085599194362,akshare_stock_value_em+akshare_baidu_fallback_inferred_1e8,
600161,success_with_fallback_fill,1986,2016-01-01,2025-12-31,0.0,0.022155085599194362,akshare_stock_value_em+akshare_baidu_fallback_inferred_1e8,
600166,success_with_fallback_fill,1986,2016-01-01,2025-12-31,0.0,0.022155085599194362,akshare_stock_value_em+akshare_baidu_fallback_inferred_1e8,
600170,success_with_fallback_fill,1986,2016-01-01,2025-12-31,0.0,0.022155085599194362,akshare_stock_value_em+akshare_baidu_fallback_inferred_1e8,
600176,success_with_fallback_fill,1988,2016-01-03,2025-12-31,0.0,0.023138832997987926,akshare_stock_value_em+akshare_baidu_fallback_inferred_1e8,
600177,success_with_fallback_fill,1986,2016-01-01,2025-12-31,0.0,0.022155085599194362,akshare_stock_value_em+akshare_baidu_fallback_inferred_1e8,
600183,success_with_fallback_fill,1986,2016-01-01,2025-12-31,0.0,0.022155085599194362,akshare_stock_value_em+akshare_baidu_fallback_inferred_1e8,
600188,success_with_fallback_fill,1986,2016-01-01,2025-12-31,0.0,0.022155085599194362,akshare_stock_value_em+akshare_baidu_fallback_inferred_1e8,
600196,success_with_fallback_fill,1986,2016-01-01,2025-12-31,0.0,0.022155085599194362,akshare_stock_value_em+akshare_baidu_fallback_inferred_1e8,
600208,success_with_fallback_fill,1988,2016-01-03,2025-12-31,0.0,0.023138832997987926,akshare_stock_value_em+akshare_baidu_fallback_inferred_1e8,
600219,success_with_fallback_fill,1988,2016-01-03,2025-12-31,0.0,0.023138832997987926,akshare_stock_value_em+akshare_baidu_fallback_inferred_1e8,
600221,success_with_fallback_fill,1988,2016-01-03,2025-12-31,0.0,0.023138832997987926,akshare_stock_value_em+akshare_baidu_fallback_inferred_1e8,
600233,success_with_fallback_fill,1988,2016-01-03,2025-12-31,0.0,0.023138832997987926,akshare_stock_value_em+akshare_baidu_fallback_inferred_1e8,
600252,success_with_fallback_fill,1991,2016-01-03,2025-12-31,0.0,0.024610748367654443,akshare_stock_value_em+akshare_baidu_fallback_inferred_1e8,
600256,success_with_fallback_fill,1988,2016-01-03,2025-12-31,0.0,0.023138832997987926,akshare_stock_value_em+akshare_baidu_fallback_inferred_1e8,
600271,success_with_fallback_fill,1994,2016-01-07,2025-12-31,0.0,0.026078234704112337,akshare_stock_value_em+akshare_baidu_fallback_inferred_1e8,
600276,success_with_fallback_fill,1991,2016-01-03,2025-12-31,0.0,0.024610748367654443,akshare_stock_value_em+akshare_baidu_fallback_inferred_1e8,
600297,fallback,226,2016-01-12,2024-08-27,0.0,1.0,akshare_baidu_fallback_inferred_1e8,eastmoney: TypeError: 'NoneType' object is not subscriptable | TypeError: 'NoneType' object is not subscriptable | TypeError: 'NoneType' object is not subscriptable
600299,success_with_fallback_fill,1988,2016-01-03,2025-12-31,0.0,0.023138832997987926,akshare_stock_value_em+akshare_baidu_fallback_inferred_1e8,
600309,success_with_fallback_fill,1991,2016-01-03,2025-12-31,0.0,0.024610748367654443,akshare_stock_value_em+akshare_baidu_fallback_inferred_1e8,
600315,success_with_fallback_fill,1991,2016-01-03,2025-12-31,0.0,0.024610748367654443,akshare_stock_value_em+akshare_baidu_fallback_inferred_1e8,
600317,fallback,169,2016-01-07,2021-01-28,0.0,1.0,akshare_baidu_fallback_inferred_1e8,eastmoney: TypeError: 'NoneType' object is not subscriptable | TypeError: 'NoneType' object is not subscriptable | TypeError: 'NoneType' object is not subscriptable
600332,success_with_fallback_fill,1991,2016-01-03,2025-12-31,0.0,0.024610748367654443,akshare_stock_value_em+akshare_baidu_fallback_inferred_1e8,
600339,success_with_fallback_fill,1991,2016-01-03,2025-12-31,0.0,0.024610748367654443,akshare_stock_value_em+akshare_baidu_fallback_inferred_1e8,
600340,success_with_fallback_fill,1998,2016-01-08,2025-12-31,0.0,0.028028028028028028,akshare_stock_value_em+akshare_baidu_fallback_inferred_1e8,
600346,success_with_fallback_fill,1991,2016-01-03,2025-12-31,0.0,0.024610748367654443,akshare_stock_value_em+akshare_baidu_fallback_inferred_1e8,
600350,success_with_fallback_fill,1994,2016-01-07,2025-12-31,0.0,0.026078234704112337,akshare_stock_value_em+akshare_baidu_fallback_inferred_1e8,
600352,success_with_fallback_fill,1998,2016-01-08,2025-12-31,0.0,0.028028028028028028,akshare_stock_value_em+akshare_baidu_fallback_inferred_1e8,
600362,success_with_fallback_fill,1994,2016-01-07,2025-12-31,0.0,0.026078234704112337,akshare_stock_value_em+akshare_baidu_fallback_inferred_1e8,
600369,success_with_fallback_fill,1991,2016-01-03,2025-12-31,0.0,0.024610748367654443,akshare_stock_value_em+akshare_baidu_fallback_inferred_1e8,
600372,success_with_fallback_fill,1991,2016-01-03,2025-12-31,0.0,0.024610748367654443,akshare_stock_value_em+akshare_baidu_fallback_inferred_1e8,
600373,success_with_fallback_fill,1994,2016-01-07,2025-12-31,0.0,0.026078234704112337,akshare_stock_value_em+akshare_baidu_fallback_inferred_1e8,
600376,success_with_fallback_fill,1991,2016-01-03,2025-12-31,0.0,0.024610748367654443,akshare_stock_value_em+akshare_baidu_fallback_inferred_1e8,
600377,success_with_fallback_fill,1991,2016-01-03,2025-12-31,0.0,0.024610748367654443,akshare_stock_value_em+akshare_baidu_fallback_inferred_1e8,
600383,success_with_fallback_fill,1991,2016-01-03,2025-12-31,0.0,0.024610748367654443,akshare_stock_value_em+akshare_baidu_fallback_inferred_1e8,
600390,success_with_fallback_fill,1991,2016-01-03,2025-12-31,0.0,0.024610748367654443,akshare_stock_value_em+akshare_baidu_fallback_inferred_1e8,
600398,success_with_fallback_fill,1991,2016-01-03,2025-12-31,0.0,0.024610748367654443,akshare_stock_value_em+akshare_baidu_fallback_inferred_1e8,
600406,success_with_fallback_fill,1998,2016-01-08,2025-12-31,0.0,0.028028028028028028,akshare_stock_value_em+akshare_baidu_fallback_inferred_1e8,
600415,success_with_fallback_fill,1994,2016-01-07,2025-12-31,0.0,0.026078234704112337,akshare_stock_value_em+akshare_baidu_fallback_inferred_1e8,
600426,success_with_fallback_fill,1994,2016-01-07,2025-12-31,0.0,0.026078234704112337,akshare_stock_value_em+akshare_baidu_fallback_inferred_1e8,
600436,success_with_fallback_fill,1994,2016-01-07,2025-12-31,0.0,0.026078234704112337,akshare_stock_value_em+akshare_baidu_fallback_inferred_1e8,
600438,success_with_fallback_fill,1998,2016-01-08,2025-12-31,0.0,0.028028028028028028,akshare_stock_value_em+akshare_baidu_fallback_inferred_1e8,
600446,success_with_fallback_fill,1998,2016-01-08,2025-12-31,0.0,0.028028028028028028,akshare_stock_value_em+akshare_baidu_fallback_inferred_1e8,
600460,success_with_fallback_fill,1994,2016-01-07,2025-12-31,0.0,0.026078234704112337,akshare_stock_value_em+akshare_baidu_fallback_inferred_1e8,
600482,success_with_fallback_fill,1998,2016-01-08,2025-12-31,0.0,0.028028028028028028,akshare_stock_value_em+akshare_baidu_fallback_inferred_1e8,
600485,fallback,198,2016-01-08,2021-05-31,0.0,1.0,akshare_baidu_fallback_inferred_1e8,eastmoney: TypeError: 'NoneType' object is not subscriptable | TypeError: 'NoneType' object is not subscriptable | TypeError: 'NoneType' object is not subscriptable
600487,success_with_fallback_fill,1998,2016-01-08,2025-12-31,0.0,0.028028028028028028,akshare_stock_value_em+akshare_baidu_fallback_inferred_1e8,
600489,success_with_fallback_fill,1998,2016-01-08,2025-12-31,0.0,0.028028028028028028,akshare_stock_value_em+akshare_baidu_fallback_inferred_1e8,
600498,success_with_fallback_fill,1991,2016-01-03,2025-12-31,0.0,0.024610748367654443,akshare_stock_value_em+akshare_baidu_fallback_inferred_1e8,
600515,success_with_fallback_fill,1994,2016-01-07,2025-12-31,0.0,0.026078234704112337,akshare_stock_value_em+akshare_baidu_fallback_inferred_1e8,
600516,success_with_fallback_fill,1994,2016-01-07,2025-12-31,0.0,0.026078234704112337,akshare_stock_value_em+akshare_baidu_fallback_inferred_1e8,
600518,success_with_fallback_fill,1991,2016-01-03,2025-12-31,0.0,0.024610748367654443,akshare_stock_value_em+akshare_baidu_fallback_inferred_1e8,
600519,success_with_fallback_fill,1991,2016-01-03,2025-12-31,0.0,0.024610748367654443,akshare_stock_value_em+akshare_baidu_fallback_inferred_1e8,
600521,success_with_fallback_fill,1994,2016-01-07,2025-12-31,0.0,0.026078234704112337,akshare_stock_value_em+akshare_baidu_fallback_inferred_1e8,
600522,success_with_fallback_fill,1994,2016-01-07,2025-12-31,0.0,0.026078234704112337,akshare_stock_value_em+akshare_baidu_fallback_inferred_1e8,
600535,success_with_fallback_fill,1994,2016-01-07,2025-12-31,0.0,0.026078234704112337,akshare_stock_value_em+akshare_baidu_fallback_inferred_1e8,
600547,success_with_fallback_fill,1998,2016-01-08,2025-12-31,0.0,0.028028028028028028,akshare_stock_value_em+akshare_baidu_fallback_inferred_1e8,
600549,success_with_fallback_fill,1994,2016-01-07,2025-12-31,0.0,0.026078234704112337,akshare_stock_value_em+akshare_baidu_fallback_inferred_1e8,
600566,success_with_fallback_fill,1991,2016-01-03,2025-12-31,0.0,0.024610748367654443,akshare_stock_value_em+akshare_baidu_fallback_inferred_1e8,
600570,success_with_fallback_fill,1998,2016-01-08,2025-12-31,0.0,0.028028028028028028,akshare_stock_value_em+akshare_baidu_fallback_inferred_1e8,
600578,success_with_fallback_fill,1994,2016-01-07,2025-12-31,0.0,0.026078234704112337,akshare_stock_value_em+akshare_baidu_fallback_inferred_1e8,
600582,success_with_fallback_fill,1994,2016-01-07,2025-12-31,0.0,0.026078234704112337,akshare_stock_value_em+akshare_baidu_fallback_inferred_1e8,
600583,success_with_fallback_fill,1994,2016-01-07,2025-12-31,0.0,0.026078234704112337,akshare_stock_value_em+akshare_baidu_fallback_inferred_1e8,
600584,success_with_fallback_fill,1994,2016-01-07,2025-12-31,0.0,0.026078234704112337,akshare_stock_value_em+akshare_baidu_fallback_inferred_1e8,
600585,success_with_fallback_fill,1994,2016-01-07,2025-12-31,0.0,0.026078234704112337,akshare_stock_value_em+akshare_baidu_fallback_inferred_1e8,
600588,success_with_fallback_fill,1991,2016-01-03,2025-12-31,0.0,0.024610748367654443,akshare_stock_value_em+akshare_baidu_fallback_inferred_1e8,
600600,success_with_fallback_fill,1979,2016-01-03,2025-12-31,0.0,0.01869631126831733,akshare_stock_value_em+akshare_baidu_fallback_inferred_1e8,
600606,success_with_fallback_fill,1976,2016-01-21,2025-12-31,0.0,0.01720647773279352,akshare_stock_value_em+akshare_baidu_fallback_inferred_1e8,
600633,success_with_fallback_fill,1979,2016-01-03,2025-12-31,0.0,0.01869631126831733,akshare_stock_value_em+akshare_baidu_fallback_inferred_1e8,
600637,success_with_fallback_fill,1979,2016-01-03,2025-12-31,0.0,0.01869631126831733,akshare_stock_value_em+akshare_baidu_fallback_inferred_1e8,
600642,success_with_fallback_fill,1979,2016-01-03,2025-12-31,0.0,0.01869631126831733,akshare_stock_value_em+akshare_baidu_fallback_inferred_1e8,
600648,success_with_fallback_fill,1979,2016-01-03,2025-12-31,0.0,0.01869631126831733,akshare_stock_value_em+akshare_baidu_fallback_inferred_1e8,
600649,success_with_fallback_fill,1979,2016-01-03,2025-12-31,0.0,0.01869631126831733,akshare_stock_value_em+akshare_baidu_fallback_inferred_1e8,
600654,success_with_fallback_fill,1975,2016-01-15,2025-12-31,0.0,0.016708860759493672,akshare_stock_value_em+akshare_baidu_fallback_inferred_1e8,
600655,success_with_fallback_fill,1976,2016-01-21,2025-12-31,0.0,0.01720647773279352,akshare_stock_value_em+akshare_baidu_fallback_inferred_1e8,
600660,success_with_fallback_fill,1979,2016-01-03,2025-12-31,0.0,0.01869631126831733,akshare_stock_value_em+akshare_baidu_fallback_inferred_1e8,
600663,success_with_fallback_fill,1979,2016-01-03,2025-12-31,0.0,0.01869631126831733,akshare_stock_value_em+akshare_baidu_fallback_inferred_1e8,
600666,success_with_fallback_fill,1979,2016-01-03,2025-12-31,0.0,0.01869631126831733,akshare_stock_value_em+akshare_baidu_fallback_inferred_1e8,
600674,success_with_fallback_fill,1979,2016-01-03,2025-12-31,0.0,0.01869631126831733,akshare_stock_value_em+akshare_baidu_fallback_inferred_1e8,
600682,success_with_fallback_fill,1979,2016-01-03,2025-12-31,0.0,0.01869631126831733,akshare_stock_value_em+akshare_baidu_fallback_inferred_1e8,
600685,success_with_fallback_fill,1979,2016-01-03,2025-12-31,0.0,0.01869631126831733,akshare_stock_value_em+akshare_baidu_fallback_inferred_1e8,
600688,success_with_fallback_fill,1979,2016-01-03,2025-12-31,0.0,0.01869631126831733,akshare_stock_value_em+akshare_baidu_fallback_inferred_1e8,
600690,success_with_fallback_fill,1979,2016-01-03,2025-12-31,0.0,0.01869631126831733,akshare_stock_value_em+akshare_baidu_fallback_inferred_1e8,
600703,success_with_fallback_fill,1983,2016-01-09,2025-12-31,0.0,0.020675743822491176,akshare_stock_value_em+akshare_baidu_fallback_inferred_1e8,
600704,success_with_fallback_fill,1983,2016-01-09,2025-12-31,0.0,0.020675743822491176,akshare_stock_value_em+akshare_baidu_fallback_inferred_1e8,
600705,fallback,202,2016-01-17,2025-05-26,0.0,1.0,akshare_baidu_fallback_inferred_1e8,eastmoney: TypeError: 'NoneType' object is not subscriptable | TypeError: 'NoneType' object is not subscriptable | TypeError: 'NoneType' object is not subscriptable
600717,success_with_fallback_fill,1983,2016-01-09,2025-12-31,0.0,0.020675743822491176,akshare_stock_value_em+akshare_baidu_fallback_inferred_1e8,
600718,success_with_fallback_fill,1983,2016-01-09,2025-12-31,0.0,0.020675743822491176,akshare_stock_value_em+akshare_baidu_fallback_inferred_1e8,
600732,success_with_fallback_fill,1983,2016-01-09,2025-12-31,0.0,0.020675743822491176,akshare_stock_value_em+akshare_baidu_fallback_inferred_1e8,
600733,success_with_fallback_fill,1983,2016-01-09,2025-12-31,0.0,0.020675743822491176,akshare_stock_value_em+akshare_baidu_fallback_inferred_1e8,
600737,success_with_fallback_fill,1983,2016-01-09,2025-12-31,0.0,0.020675743822491176,akshare_stock_value_em+akshare_baidu_fallback_inferred_1e8,
600739,success_with_fallback_fill,1983,2016-01-09,2025-12-31,0.0,0.020675743822491176,akshare_stock_value_em+akshare_baidu_fallback_inferred_1e8,
600741,success_with_fallback_fill,1983,2016-01-09,2025-12-31,0.0,0.020675743822491176,akshare_stock_value_em+akshare_baidu_fallback_inferred_1e8,
600745,success_with_fallback_fill,1983,2016-01-09,2025-12-31,0.0,0.020675743822491176,akshare_stock_value_em+akshare_baidu_fallback_inferred_1e8,
600754,success_with_fallback_fill,1983,2016-01-09,2025-12-31,0.0,0.020675743822491176,akshare_stock_value_em+akshare_baidu_fallback_inferred_1e8,
600760,success_with_fallback_fill,1983,2016-01-09,2025-12-31,0.0,0.020675743822491176,akshare_stock_value_em+akshare_baidu_fallback_inferred_1e8,
600763,success_with_fallback_fill,1983,2016-01-09,2025-12-31,0.0,0.020675743822491176,akshare_stock_value_em+akshare_baidu_fallback_inferred_1e8,
600783,success_with_fallback_fill,1983,2016-01-09,2025-12-31,0.0,0.020675743822491176,akshare_stock_value_em+akshare_baidu_fallback_inferred_1e8,
600795,success_with_fallback_fill,1983,2016-01-09,2025-12-31,0.0,0.020675743822491176,akshare_stock_value_em+akshare_baidu_fallback_inferred_1e8,
600803,success_with_fallback_fill,1979,2016-01-03,2025-12-31,0.0,0.01869631126831733,akshare_stock_value_em+akshare_baidu_fallback_inferred_1e8,
600804,fallback,183,2016-01-13,2025-07-02,0.0,1.0,akshare_baidu_fallback_inferred_1e8,eastmoney: TypeError: 'NoneType' object is not subscriptable | TypeError: 'NoneType' object is not subscriptable | TypeError: 'NoneType' object is not subscriptable
600809,success_with_fallback_fill,1979,2016-01-03,2025-12-31,0.0,0.01869631126831733,akshare_stock_value_em+akshare_baidu_fallback_inferred_1e8,
600816,success_with_fallback_fill,1979,2016-01-03,2025-12-31,0.0,0.01869631126831733,akshare_stock_value_em+akshare_baidu_fallback_inferred_1e8,
600820,success_with_fallback_fill,1979,2016-01-03,2025-12-31,0.0,0.01869631126831733,akshare_stock_value_em+akshare_baidu_fallback_inferred_1e8,
600827,success_with_fallback_fill,1979,2016-01-03,2025-12-31,0.0,0.01869631126831733,akshare_stock_value_em+akshare_baidu_fallback_inferred_1e8,
600837,fallback,177,2016-01-06,2025-03-03,0.0,1.0,akshare_baidu_fallback_inferred_1e8,eastmoney: TypeError: 'NoneType' object is not subscriptable | TypeError: 'NoneType' object is not subscriptable | TypeError: 'NoneType' object is not subscriptable
600839,success_with_fallback_fill,1979,2016-01-03,2025-12-31,0.0,0.01869631126831733,akshare_stock_value_em+akshare_baidu_fallback_inferred_1e8,
600845,success_with_fallback_fill,1979,2016-01-03,2025-12-31,0.0,0.01869631126831733,akshare_stock_value_em+akshare_baidu_fallback_inferred_1e8,
600848,success_with_fallback_fill,1979,2016-01-03,2025-12-31,0.0,0.01869631126831733,akshare_stock_value_em+akshare_baidu_fallback_inferred_1e8,
600863,success_with_fallback_fill,1981,2016-01-05,2025-12-31,0.0,0.019687026754164564,akshare_stock_value_em+akshare_baidu_fallback_inferred_1e8,
600867,success_with_fallback_fill,1981,2016-01-05,2025-12-31,0.0,0.019687026754164564,akshare_stock_value_em+akshare_baidu_fallback_inferred_1e8,
600871,success_with_fallback_fill,1981,2016-01-05,2025-12-31,0.0,0.019687026754164564,akshare_stock_value_em+akshare_baidu_fallback_inferred_1e8,
600872,success_with_fallback_fill,1981,2016-01-05,2025-12-31,0.0,0.019687026754164564,akshare_stock_value_em+akshare_baidu_fallback_inferred_1e8,
600873,success_with_fallback_fill,1981,2016-01-05,2025-12-31,0.0,0.019687026754164564,akshare_stock_value_em+akshare_baidu_fallback_inferred_1e8,
600875,success_with_fallback_fill,1981,2016-01-05,2025-12-31,0.0,0.019687026754164564,akshare_stock_value_em+akshare_baidu_fallback_inferred_1e8,
600884,success_with_fallback_fill,1983,2016-01-09,2025-12-31,0.0,0.020675743822491176,akshare_stock_value_em+akshare_baidu_fallback_inferred_1e8,
600886,success_with_fallback_fill,1983,2016-01-09,2025-12-31,0.0,0.020675743822491176,akshare_stock_value_em+akshare_baidu_fallback_inferred_1e8,
600887,success_with_fallback_fill,1983,2016-01-09,2025-12-31,0.0,0.020675743822491176,akshare_stock_value_em+akshare_baidu_fallback_inferred_1e8,
600893,success_with_fallback_fill,1983,2016-01-09,2025-12-31,0.0,0.020675743822491176,akshare_stock_value_em+akshare_baidu_fallback_inferred_1e8,
600895,success_with_fallback_fill,1983,2016-01-09,2025-12-31,0.0,0.020675743822491176,akshare_stock_value_em+akshare_baidu_fallback_inferred_1e8,
600900,success_with_fallback_fill,1998,2016-01-08,2025-12-31,0.0,0.028028028028028028,akshare_stock_value_em+akshare_baidu_fallback_inferred_1e8,
600905,success,1108,2021-06-10,2025-12-31,0.0,0.0,akshare_stock_value_em,
600909,success_with_fallback_fill,2020,2016-12-08,2025-12-31,0.0,0.03861386138613861,akshare_stock_value_em+akshare_baidu_fallback_inferred_1e8,
600918,success,1356,2020-06-03,2025-12-31,0.0,0.0,akshare_stock_value_em,
600919,success_with_fallback_fill,2045,2016-08-05,2025-12-31,0.0,0.05036674816625917,akshare_stock_value_em+akshare_baidu_fallback_inferred_1e8,
600926,success_with_fallback_fill,2028,2016-10-29,2025-12-31,0.0,0.04240631163708087,akshare_stock_value_em+akshare_baidu_fallback_inferred_1e8,
600928,success,1662,2019-03-01,2025-12-31,0.0,0.0,akshare_stock_value_em,
600930,success,115,2025-07-16,2025-12-31,0.0,0.0,akshare_stock_value_em,
600938,success,899,2022-04-21,2025-12-31,0.0,0.0,akshare_stock_value_em,
600941,success,968,2022-01-05,2025-12-31,0.0,0.0,akshare_stock_value_em,
600958,success_with_fallback_fill,2064,2016-01-03,2025-12-31,0.0,0.05910852713178295,akshare_stock_value_em+akshare_baidu_fallback_inferred_1e8,
600959,success_with_fallback_fill,2064,2016-01-03,2025-12-31,0.0,0.05910852713178295,akshare_stock_value_em+akshare_baidu_fallback_inferred_1e8,
600968,success,1584,2019-06-26,2025-12-31,0.0,0.0,akshare_stock_value_em,
600977,success_with_fallback_fill,2044,2016-08-10,2025-12-31,0.0,0.049902152641878667,akshare_stock_value_em+akshare_baidu_fallback_inferred_1e8,
600989,success,1612,2019-05-16,2025-12-31,0.0,0.0,akshare_stock_value_em,
600998,success_with_fallback_fill,2023,2016-01-09,2025-12-31,0.0,0.04003954522985665,akshare_stock_value_em+akshare_baidu_fallback_inferred_1e8,
600999,success_with_fallback_fill,2023,2016-01-09,2025-12-31,0.0,0.04003954522985665,akshare_stock_value_em+akshare_baidu_fallback_inferred_1e8,
601006,success_with_fallback_fill,2003,2016-01-03,2025-12-31,0.0,0.030454318522216674,akshare_stock_value_em+akshare_baidu_fallback_inferred_1e8,
601009,success_with_fallback_fill,2009,2016-01-04,2025-12-31,0.0,0.03334992533598805,akshare_stock_value_em+akshare_baidu_fallback_inferred_1e8,
601012,success_with_fallback_fill,2034,2016-01-03,2025-12-31,0.0,0.04523107177974434,akshare_stock_value_em+akshare_baidu_fallback_inferred_1e8,
601016,success_with_fallback_fill,2064,2016-01-03,2025-12-31,0.0,0.05910852713178295,akshare_stock_value_em+akshare_baidu_fallback_inferred_1e8,
601018,success_with_fallback_fill,2023,2016-01-09,2025-12-31,0.0,0.04003954522985665,akshare_stock_value_em+akshare_baidu_fallback_inferred_1e8,
601021,success_with_fallback_fill,2064,2016-01-03,2025-12-31,0.0,0.05910852713178295,akshare_stock_value_em+akshare_baidu_fallback_inferred_1e8,
601058,success_with_fallback_fill,2034,2016-01-03,2025-12-31,0.0,0.04523107177974434,akshare_stock_value_em+akshare_baidu_fallback_inferred_1e8,
601059,success,711,2023-02-01,2025-12-31,0.0,0.0,akshare_stock_value_em,
601066,success,1831,2018-06-20,2025-12-31,0.0,0.0,akshare_stock_value_em,
601077,success,1501,2019-10-29,2025-12-31,0.0,0.0,akshare_stock_value_em,
601088,success_with_fallback_fill,2009,2016-01-04,2025-12-31,0.0,0.03334992533598805,akshare_stock_value_em+akshare_baidu_fallback_inferred_1e8,
601098,success_with_fallback_fill,2023,2016-01-09,2025-12-31,0.0,0.04003954522985665,akshare_stock_value_em+akshare_baidu_fallback_inferred_1e8,
601099,success_with_fallback_fill,2009,2016-01-04,2025-12-31,0.0,0.03334992533598805,akshare_stock_value_em+akshare_baidu_fallback_inferred_1e8,
601100,success_with_fallback_fill,2034,2016-01-03,2025-12-31,0.0,0.04523107177974434,akshare_stock_value_em+akshare_baidu_fallback_inferred_1e8,
601106,success_with_fallback_fill,2023,2016-01-09,2025-12-31,0.0,0.04003954522985665,akshare_stock_value_em+akshare_baidu_fallback_inferred_1e8,
601108,success_with_fallback_fill,1960,2017-10-24,2025-12-31,0.0,0.009183673469387756,akshare_stock_value_em+akshare_baidu_fallback_inferred_1e8,
601111,success_with_fallback_fill,2009,2016-01-04,2025-12-31,0.0,0.03334992533598805,akshare_stock_value_em+akshare_baidu_fallback_inferred_1e8,
601117,success_with_fallback_fill,2023,2016-01-09,2025-12-31,0.0,0.04003954522985665,akshare_stock_value_em+akshare_baidu_fallback_inferred_1e8,
601118,success_with_fallback_fill,2023,2016-01-09,2025-12-31,0.0,0.04003954522985665,akshare_stock_value_em+akshare_baidu_fallback_inferred_1e8,
601127,success_with_fallback_fill,2055,2016-06-16,2025-12-31,0.0,0.054987834549878344,akshare_stock_value_em+akshare_baidu_fallback_inferred_1e8,
601136,success,734,2022-12-22,2025-12-31,0.0,0.0,akshare_stock_value_em,
601138,success,1838,2018-06-08,2025-12-31,0.0,0.0,akshare_stock_value_em,
601155,success_with_fallback_fill,2088,2016-01-03,2025-12-31,0.0,0.06992337164750957,akshare_stock_value_em+akshare_baidu_fallback_inferred_1e8,
601158,success_with_fallback_fill,2023,2016-01-09,2025-12-31,0.0,0.04003954522985665,akshare_stock_value_em+akshare_baidu_fallback_inferred_1e8,
601162,success,1750,2018-10-19,2025-12-31,0.0,0.0,akshare_stock_value_em,
601163,success_with_fallback_fill,2038,2016-09-09,2025-12-31,0.0,0.047105004906771344,akshare_stock_value_em+akshare_baidu_fallback_inferred_1e8,
601166,success_with_fallback_fill,2009,2016-01-04,2025-12-31,0.0,0.03334992533598805,akshare_stock_value_em+akshare_baidu_fallback_inferred_1e8,
601169,success_with_fallback_fill,2009,2016-01-04,2025-12-31,0.0,0.03334992533598805,akshare_stock_value_em+akshare_baidu_fallback_inferred_1e8,
601179,success_with_fallback_fill,2023,2016-01-09,2025-12-31,0.0,0.04003954522985665,akshare_stock_value_em+akshare_baidu_fallback_inferred_1e8,
601186,success_with_fallback_fill,2015,2016-01-03,2025-12-31,0.0,0.036228287841191066,akshare_stock_value_em+akshare_baidu_fallback_inferred_1e8,
601198,success_with_fallback_fill,2064,2016-01-03,2025-12-31,0.0,0.05910852713178295,akshare_stock_value_em+akshare_baidu_fallback_inferred_1e8,
601211,success_with_fallback_fill,2064,2016-01-03,2025-12-31,0.0,0.05910852713178295,akshare_stock_value_em+akshare_baidu_fallback_inferred_1e8,
601212,success_with_fallback_fill,2006,2017-02-16,2025-12-31,0.0,0.031904287138584245,akshare_stock_value_em+akshare_baidu_fallback_inferred_1e8,
601216,success_with_fallback_fill,2023,2016-01-09,2025-12-31,0.0,0.04003954522985665,akshare_stock_value_em+akshare_baidu_fallback_inferred_1e8,
601225,success_with_fallback_fill,2046,2016-01-07,2025-12-31,0.0,0.05083088954056696,akshare_stock_value_em+akshare_baidu_fallback_inferred_1e8,
601228,success_with_fallback_fill,1997,2017-04-02,2025-12-31,0.0,0.02754131196795193,akshare_stock_value_em+akshare_baidu_fallback_inferred_1e8,
601229,success_with_fallback_fill,2024,2016-11-18,2025-12-31,0.0,0.040513833992094864,akshare_stock_value_em+akshare_baidu_fallback_inferred_1e8,
601231,success_with_fallback_fill,2034,2016-01-03,2025-12-31,0.0,0.04523107177974434,akshare_stock_value_em+akshare_baidu_fallback_inferred_1e8,
601236,success,1577,2019-07-05,2025-12-31,0.0,0.0,akshare_stock_value_em,
601238,success_with_fallback_fill,2034,2016-01-03,2025-12-31,0.0,0.04523107177974434,akshare_stock_value_em+akshare_baidu_fallback_inferred_1e8,
601258,fallback,457,2016-01-01,2023-06-29,0.0,1.0,akshare_baidu_fallback_inferred_1e8,eastmoney: TypeError: 'NoneType' object is not subscriptable | TypeError: 'NoneType' object is not subscriptable | TypeError: 'NoneType' object is not subscriptable
601288,success_with_fallback_fill,2023,2016-01-09,2025-12-31,0.0,0.04003954522985665,akshare_stock_value_em+akshare_baidu_fallback_inferred_1e8,
601298,success,1686,2019-01-21,2025-12-31,0.0,0.0,akshare_stock_value_em,
601318,success_with_fallback_fill,2009,2016-01-04,2025-12-31,0.0,0.03334992533598805,akshare_stock_value_em+akshare_baidu_fallback_inferred_1e8,
601319,success,1730,2018-11-16,2025-12-31,0.0,0.0,akshare_stock_value_em,
601328,success_with_fallback_fill,2009,2016-01-04,2025-12-31,0.0,0.03334992533598805,akshare_stock_value_em+akshare_baidu_fallback_inferred_1e8,
601333,success_with_fallback_fill,2009,2016-01-04,2025-12-31,0.0,0.03334992533598805,akshare_stock_value_em+akshare_baidu_fallback_inferred_1e8,
601336,success_with_fallback_fill,2034,2016-01-03,2025-12-31,0.0,0.04523107177974434,akshare_stock_value_em+akshare_baidu_fallback_inferred_1e8,
601360,success_with_fallback_fill,2034,2016-01-03,2025-12-31,0.0,0.04523107177974434,akshare_stock_value_em+akshare_baidu_fallback_inferred_1e8,
601375,success_with_fallback_fill,2014,2017-01-07,2025-12-31,0.0,0.03574975173783516,akshare_stock_value_em+akshare_baidu_fallback_inferred_1e8,
601377,success_with_fallback_fill,2023,2016-01-09,2025-12-31,0.0,0.04003954522985665,akshare_stock_value_em+akshare_baidu_fallback_inferred_1e8,
601390,success_with_fallback_fill,2009,2016-01-04,2025-12-31,0.0,0.03334992533598805,akshare_stock_value_em+akshare_baidu_fallback_inferred_1e8,
601398,success_with_fallback_fill,2009,2016-01-04,2025-12-31,0.0,0.03334992533598805,akshare_stock_value_em+akshare_baidu_fallback_inferred_1e8,
601456,success,1316,2020-07-31,2025-12-31,0.0,0.0,akshare_stock_value_em,
601555,success_with_fallback_fill,2034,2016-01-03,2025-12-31,0.0,0.04523107177974434,akshare_stock_value_em+akshare_baidu_fallback_inferred_1e8,
601577,success,1762,2018-09-26,2025-12-31,0.0,0.0,akshare_stock_value_em,
601600,success_with_fallback_fill,2009,2016-01-04,2025-12-31,0.0,0.03334992533598805,akshare_stock_value_em+akshare_baidu_fallback_inferred_1e8,
601601,success_with_fallback_fill,2009,2016-01-04,2025-12-31,0.0,0.03334992533598805,akshare_stock_value_em+akshare_baidu_fallback_inferred_1e8,
601607,success_with_fallback_fill,1979,2016-01-03,2025-12-31,0.0,0.01869631126831733,akshare_stock_value_em+akshare_baidu_fallback_inferred_1e8,
601608,success_with_fallback_fill,2034,2016-01-03,2025-12-31,0.0,0.04523107177974434,akshare_stock_value_em+akshare_baidu_fallback_inferred_1e8,
601611,success_with_fallback_fill,2057,2016-06-06,2025-12-31,0.0,0.05590666018473505,akshare_stock_value_em+akshare_baidu_fallback_inferred_1e8,
601615,success,1684,2019-01-23,2025-12-31,0.0,0.0,akshare_stock_value_em,
601618,success_with_fallback_fill,2023,2016-01-09,2025-12-31,0.0,0.04003954522985665,akshare_stock_value_em+akshare_baidu_fallback_inferred_1e8,
601628,success_with_fallback_fill,2009,2016-01-04,2025-12-31,0.0,0.03334992533598805,akshare_stock_value_em+akshare_baidu_fallback_inferred_1e8,
601633,success_with_fallback_fill,2034,2016-01-03,2025-12-31,0.0,0.04523107177974434,akshare_stock_value_em+akshare_baidu_fallback_inferred_1e8,
601658,success,1471,2019-12-10,2025-12-31,0.0,0.0,akshare_stock_value_em,
601668,success_with_fallback_fill,2015,2016-01-03,2025-12-31,0.0,0.036228287841191066,akshare_stock_value_em+akshare_baidu_fallback_inferred_1e8,
601669,success_with_fallback_fill,2034,2016-01-03,2025-12-31,0.0,0.04523107177974434,akshare_stock_value_em+akshare_baidu_fallback_inferred_1e8,
601688,success_with_fallback_fill,2023,2016-01-09,2025-12-31,0.0,0.04003954522985665,akshare_stock_value_em+akshare_baidu_fallback_inferred_1e8,
601689,success_with_fallback_fill,2064,2016-01-03,2025-12-31,0.0,0.05910852713178295,akshare_stock_value_em+akshare_baidu_fallback_inferred_1e8,
601696,success,1422,2020-02-26,2025-12-31,0.0,0.0,akshare_stock_value_em,
601698,success,1582,2019-06-28,2025-12-31,0.0,0.0,akshare_stock_value_em,
601699,success_with_fallback_fill,2009,2016-01-04,2025-12-31,0.0,0.03334992533598805,akshare_stock_value_em+akshare_baidu_fallback_inferred_1e8,
601718,success_with_fallback_fill,2023,2016-01-09,2025-12-31,0.0,0.04003954522985665,akshare_stock_value_em+akshare_baidu_fallback_inferred_1e8,
601727,success_with_fallback_fill,2015,2016-01-03,2025-12-31,0.0,0.036228287841191066,akshare_stock_value_em+akshare_baidu_fallback_inferred_1e8,
601728,success,1058,2021-08-20,2025-12-31,0.0,0.0,akshare_stock_value_em,
601766,success_with_fallback_fill,2015,2016-01-03,2025-12-31,0.0,0.036228287841191066,akshare_stock_value_em+akshare_baidu_fallback_inferred_1e8,
601788,success_with_fallback_fill,2015,2016-01-03,2025-12-31,0.0,0.036228287841191066,akshare_stock_value_em+akshare_baidu_fallback_inferred_1e8,
601799,success_with_fallback_fill,2023,2016-01-09,2025-12-31,0.0,0.04003954522985665,akshare_stock_value_em+akshare_baidu_fallback_inferred_1e8,
601800,success_with_fallback_fill,2034,2016-01-03,2025-12-31,0.0,0.04523107177974434,akshare_stock_value_em+akshare_baidu_fallback_inferred_1e8,
601808,success_with_fallback_fill,2009,2016-01-04,2025-12-31,0.0,0.03334992533598805,akshare_stock_value_em+akshare_baidu_fallback_inferred_1e8,
601816,success,1445,2020-01-16,2025-12-31,0.0,0.0,akshare_stock_value_em,
601818,success_with_fallback_fill,2023,2016-01-09,2025-12-31,0.0,0.04003954522985665,akshare_stock_value_em+akshare_baidu_fallback_inferred_1e8,
601825,success,1059,2021-08-19,2025-12-31,0.0,0.0,akshare_stock_value_em,
601828,success,1931,2018-01-17,2025-12-31,0.0,0.0,akshare_stock_value_em,
601838,success,1921,2018-01-31,2025-12-31,0.0,0.0,akshare_stock_value_em,
601857,success_with_fallback_fill,2009,2016-01-04,2025-12-31,0.0,0.03334992533598805,akshare_stock_value_em+akshare_baidu_fallback_inferred_1e8,
601865,success,1672,2019-02-15,2025-12-31,0.0,0.0,akshare_stock_value_em,
601866,success_with_fallback_fill,2009,2016-01-04,2025-12-31,0.0,0.03334992533598805,akshare_stock_value_em+akshare_baidu_fallback_inferred_1e8,
601868,success,1033,2021-09-28,2025-12-31,0.0,0.0,akshare_stock_value_em,
601872,success_with_fallback_fill,2009,2016-01-04,2025-12-31,0.0,0.03334992533598805,akshare_stock_value_em+akshare_baidu_fallback_inferred_1e8,
601877,success_with_fallback_fill,2023,2016-01-09,2025-12-31,0.0,0.04003954522985665,akshare_stock_value_em+akshare_baidu_fallback_inferred_1e8,
601878,success_with_fallback_fill,1990,2017-06-26,2025-12-31,0.0,0.024120603015075376,akshare_stock_value_em+akshare_baidu_fallback_inferred_1e8,
601881,success_with_fallback_fill,2010,2017-01-27,2025-12-31,0.0,0.03383084577114428,akshare_stock_value_em+akshare_baidu_fallback_inferred_1e8,
601888,success_with_fallback_fill,2023,2016-01-09,2025-12-31,0.0,0.04003954522985665,akshare_stock_value_em+akshare_baidu_fallback_inferred_1e8,
601898,success_with_fallback_fill,2009,2016-01-04,2025-12-31,0.0,0.03334992533598805,akshare_stock_value_em+akshare_baidu_fallback_inferred_1e8,
601899,success_with_fallback_fill,2015,2016-01-03,2025-12-31,0.0,0.036228287841191066,akshare_stock_value_em+akshare_baidu_fallback_inferred_1e8,
601901,success_with_fallback_fill,2034,2016-01-03,2025-12-31,0.0,0.04523107177974434,akshare_stock_value_em+akshare_baidu_fallback_inferred_1e8,
601916,success,1481,2019-11-26,2025-12-31,0.0,0.0,akshare_stock_value_em,
601919,success_with_fallback_fill,2009,2016-01-04,2025-12-31,0.0,0.03334992533598805,akshare_stock_value_em+akshare_baidu_fallback_inferred_1e8,
601928,success_with_fallback_fill,2034,2016-01-03,2025-12-31,0.0,0.04523107177974434,akshare_stock_value_em+akshare_baidu_fallback_inferred_1e8,
601933,success_with_fallback_fill,2023,2016-01-09,2025-12-31,0.0,0.04003954522985665,akshare_stock_value_em+akshare_baidu_fallback_inferred_1e8,
601939,success_with_fallback_fill,2009,2016-01-04,2025-12-31,0.0,0.03334992533598805,akshare_stock_value_em+akshare_baidu_fallback_inferred_1e8,
601958,success_with_fallback_fill,2015,2016-01-03,2025-12-31,0.0,0.036228287841191066,akshare_stock_value_em+akshare_baidu_fallback_inferred_1e8,
601966,success_with_fallback_fill,2051,2016-07-06,2025-12-31,0.0,0.05314480741101901,akshare_stock_value_em+akshare_baidu_fallback_inferred_1e8,
601969,success_with_fallback_fill,2064,2016-01-03,2025-12-31,0.0,0.05910852713178295,akshare_stock_value_em+akshare_baidu_fallback_inferred_1e8,
601985,success_with_fallback_fill,2064,2016-01-03,2025-12-31,0.0,0.05910852713178295,akshare_stock_value_em+akshare_baidu_fallback_inferred_1e8,
601988,success_with_fallback_fill,2003,2016-01-03,2025-12-31,0.0,0.030454318522216674,akshare_stock_value_em+akshare_baidu_fallback_inferred_1e8,
601989,fallback,393,2016-01-07,2025-09-04,0.0,1.0,akshare_baidu_fallback_inferred_1e8,eastmoney: TypeError: 'NoneType' object is not subscriptable | TypeError: 'NoneType' object is not subscriptable | TypeError: 'NoneType' object is not subscriptable
601990,success,1835,2018-06-13,2025-12-31,0.0,0.0,akshare_stock_value_em,
601991,success_with_fallback_fill,2009,2016-01-04,2025-12-31,0.0,0.03334992533598805,akshare_stock_value_em+akshare_baidu_fallback_inferred_1e8,
601992,success_with_fallback_fill,2023,2016-01-09,2025-12-31,0.0,0.04003954522985665,akshare_stock_value_em+akshare_baidu_fallback_inferred_1e8,
601995,success,1256,2020-11-02,2025-12-31,0.0,0.0,akshare_stock_value_em,
601997,success_with_fallback_fill,2042,2016-08-20,2025-12-31,0.0,0.04897159647404505,akshare_stock_value_em+akshare_baidu_fallback_inferred_1e8,
601998,success_with_fallback_fill,2009,2016-01-04,2025-12-31,0.0,0.03334992533598805,akshare_stock_value_em+akshare_baidu_fallback_inferred_1e8,
603000,success_with_fallback_fill,2034,2016-01-03,2025-12-31,0.0,0.04523107177974434,akshare_stock_value_em+akshare_baidu_fallback_inferred_1e8,
603019,success_with_fallback_fill,2064,2016-01-03,2025-12-31,0.0,0.05910852713178295,akshare_stock_value_em+akshare_baidu_fallback_inferred_1e8,
603087,success,1340,2020-06-29,2025-12-31,0.0,0.0,akshare_stock_value_em,
603156,success,1913,2018-02-12,2025-12-31,0.0,0.0,akshare_stock_value_em,
603160,success_with_fallback_fill,2030,2016-10-19,2025-12-31,0.0,0.04334975369458128,akshare_stock_value_em+akshare_baidu_fallback_inferred_1e8,
603185,success,1700,2018-12-28,2025-12-31,0.0,0.0,akshare_stock_value_em,
603195,success,1436,2020-02-06,2025-12-31,0.0,0.0,akshare_stock_value_em,
603233,success_with_fallback_fill,1981,2017-08-01,2025-12-31,0.0,0.019687026754164564,akshare_stock_value_em+akshare_baidu_fallback_inferred_1e8,
603259,success,1861,2018-05-08,2025-12-31,0.0,0.0,akshare_stock_value_em,
603260,success_with_fallback_fill,1958,2017-11-01,2025-12-31,0.0,0.008171603677221655,akshare_stock_value_em+akshare_baidu_fallback_inferred_1e8,
603288,success_with_fallback_fill,2046,2016-01-07,2025-12-31,0.0,0.05083088954056696,akshare_stock_value_em+akshare_baidu_fallback_inferred_1e8,
603290,success,1438,2020-02-04,2025-12-31,0.0,0.0,akshare_stock_value_em,
603296,success,583,2023-08-08,2025-12-31,0.0,0.0,akshare_stock_value_em,
603338,success_with_fallback_fill,2064,2016-01-03,2025-12-31,0.0,0.05910852713178295,akshare_stock_value_em+akshare_baidu_fallback_inferred_1e8,
603369,success_with_fallback_fill,2064,2016-01-03,2025-12-31,0.0,0.05910852713178295,akshare_stock_value_em+akshare_baidu_fallback_inferred_1e8,
603392,success,1378,2020-04-29,2025-12-31,0.0,0.0,akshare_stock_value_em,
603486,success,1847,2018-05-28,2025-12-31,0.0,0.0,akshare_stock_value_em,
603501,success_with_fallback_fill,2003,2017-05-05,2025-12-31,0.0,0.030454318522216674,akshare_stock_value_em+akshare_baidu_fallback_inferred_1e8,
603517,success_with_fallback_fill,2000,2017-03-18,2025-12-31,0.0,0.029,akshare_stock_value_em+akshare_baidu_fallback_inferred_1e8,
603658,success_with_fallback_fill,2039,2016-09-04,2025-12-31,0.0,0.04757233938205002,akshare_stock_value_em+akshare_baidu_fallback_inferred_1e8,
603659,success_with_fallback_fill,1957,2017-11-05,2025-12-31,0.0,0.007664793050587634,akshare_stock_value_em+akshare_baidu_fallback_inferred_1e8,
603799,success_with_fallback_fill,2064,2016-01-03,2025-12-31,0.0,0.05910852713178295,akshare_stock_value_em+akshare_baidu_fallback_inferred_1e8,
603806,success_with_fallback_fill,2064,2016-01-03,2025-12-31,0.0,0.05910852713178295,akshare_stock_value_em+akshare_baidu_fallback_inferred_1e8,
603833,success_with_fallback_fill,1998,2017-03-28,2025-12-31,0.0,0.028028028028028028,akshare_stock_value_em+akshare_baidu_fallback_inferred_1e8,
603858,success_with_fallback_fill,2024,2016-11-18,2025-12-31,0.0,0.040513833992094864,akshare_stock_value_em+akshare_baidu_fallback_inferred_1e8,
603882,success_with_fallback_fill,1971,2017-09-10,2025-12-31,0.0,0.014713343480466767,akshare_stock_value_em+akshare_baidu_fallback_inferred_1e8,
603885,success_with_fallback_fill,2064,2016-01-03,2025-12-31,0.0,0.05910852713178295,akshare_stock_value_em+akshare_baidu_fallback_inferred_1e8,
603893,success,1435,2020-02-07,2025-12-31,0.0,0.0,akshare_stock_value_em,
603899,success_with_fallback_fill,2064,2016-01-03,2025-12-31,0.0,0.05910852713178295,akshare_stock_value_em+akshare_baidu_fallback_inferred_1e8,
603939,success_with_fallback_fill,2064,2016-01-03,2025-12-31,0.0,0.05910852713178295,akshare_stock_value_em+akshare_baidu_fallback_inferred_1e8,
603986,success_with_fallback_fill,2042,2016-08-20,2025-12-31,0.0,0.04897159647404505,akshare_stock_value_em+akshare_baidu_fallback_inferred_1e8,
603993,success_with_fallback_fill,2046,2016-01-07,2025-12-31,0.0,0.05083088954056696,akshare_stock_value_em+akshare_baidu_fallback_inferred_1e8,
605117,success,1142,2021-04-20,2025-12-31,0.0,0.0,akshare_stock_value_em,
605499,success,1118,2021-05-27,2025-12-31,0.0,0.0,akshare_stock_value_em,
688005,success,1566,2019-07-22,2025-12-31,0.0,0.0,akshare_stock_value_em,
688008,success,1566,2019-07-22,2025-12-31,0.0,0.0,akshare_stock_value_em,
688009,success,1566,2019-07-22,2025-12-31,0.0,0.0,akshare_stock_value_em,
688012,success,1566,2019-07-22,2025-12-31,0.0,0.0,akshare_stock_value_em,
688036,success,1517,2019-09-30,2025-12-31,0.0,0.0,akshare_stock_value_em,
688041,success,822,2022-08-12,2025-12-31,0.0,0.0,akshare_stock_value_em,
688047,success,857,2022-06-24,2025-12-31,0.0,0.0,akshare_stock_value_em,
688065,success,1308,2020-08-12,2025-12-31,0.0,0.0,akshare_stock_value_em,
688082,success,1001,2021-11-18,2025-12-31,0.0,0.0,akshare_stock_value_em,
688111,success,1487,2019-11-18,2025-12-31,0.0,0.0,akshare_stock_value_em,
688126,success,1385,2020-04-20,2025-12-31,0.0,0.0,akshare_stock_value_em,
688169,success,1425,2020-02-21,2025-12-31,0.0,0.0,akshare_stock_value_em,
688187,success,1046,2021-09-07,2025-12-31,0.0,0.0,akshare_stock_value_em,
688223,success,953,2022-01-26,2025-12-31,0.0,0.0,akshare_stock_value_em,
688256,success,1325,2020-07-20,2025-12-31,0.0,0.0,akshare_stock_value_em,
688271,success,816,2022-08-22,2025-12-31,0.0,0.0,akshare_stock_value_em,
688303,success,1079,2021-07-22,2025-12-31,0.0,0.0,akshare_stock_value_em,
688363,success,1495,2019-11-06,2025-12-31,0.0,0.0,akshare_stock_value_em,
688396,success,1421,2020-02-27,2025-12-31,0.0,0.0,akshare_stock_value_em,
688472,success,623,2023-06-09,2025-12-31,0.0,0.0,akshare_stock_value_em,
688506,success,724,2023-01-06,2025-12-31,0.0,0.0,akshare_stock_value_em,
688561,success,1323,2020-07-22,2025-12-31,0.0,0.0,akshare_stock_value_em,
688599,success,1351,2020-06-10,2025-12-31,0.0,0.0,akshare_stock_value_em,
688981,success,1327,2020-07-16,2025-12-31,0.0,0.0,akshare_stock_value_em,
